Time,PlayerX,PlayerY,PlayerZ,Speed,Round,ElapsedTime,CarLX,CarLY,CarLZ,CarRX,CarRY,CarRZ
1775539057,-309.9857,70.30229,-97.03,3,5,0,0,0,0,0,0,0
1775539057,-309.967,70.30229,-97.03,3,5,0,0,0,0,0,0,0
1775539057,-309.9537,70.30229,-97.03,3,5,0,0,0,0,0,0,0
1775539057,-309.9415,70.30229,-97.03,3,5,0,0,0,0,0,0,0
1775539057,-309.9298,70.30229,-97.03,3,5,0,0,0,0,0,0,0
1775539057,-309.9189,70.30229,-97.03,3,5,0,0,0,0,0,0,0
1775539057,-309.9062,70.30229,-97.03,3,5,0,0,0,0,0,0,0
1775539057,-309.894,70.30229,-97.03,3,5,0,0,0,0,0,0,0
1775539057,-309.882,70.30229,-97.03,3,5,0,0,0,0,0,0,0
1775539057,-309.8706,70.30229,-97.03,3,5,0,0,0,0,0,0,0
1775539057,-309.8591,70.30229,-97.03,3,5,0,0,0,0,0,0,0
1775539057,-309.8455,70.30229,-97.03,3,5,0,0,0,0,0,0,0
1775539057,-309.8332,70.30229,-97.03,3,5,0,0,0,0,0,0,0
1775539057,-309.8213,70.30229,-97.03,3,5,0,0,0,0,0,0,0
1775539057,-309.8103,70.30229,-97.03,3,5,0,0,0,0,0,0,0
1775539057,-309.7988,70.30229,-97.03,3,5,0,0,0,0,0,0,0
1775539057,-309.7857,70.30229,-97.03,3,5,0,0,0,0,0,0,0
1775539057,-309.7744,70.30229,-97.03,3,5,0,0,0,0,0,0,0
1775539057,-309.7604,70.30229,-97.03,3,5,0,0,0,0,0,0,0
1775539057,-309.7455,70.30229,-97.03,3,5,0,0,0,0,0,0,0
1775539057,-309.728,70.30229,-97.03,3,5,0,0,0,0,0,0,0
1775539057,-309.7159,70.30229,-97.03,3,5,0,0,0,0,0,0,0
1775539057,-309.704,70.30229,-97.03,3,5,0,0,0,0,0,0,0
1775539057,-309.6923,70.30229,-97.03,3,5,0,0,0,0,0,0,0
1775539057,-309.6816,70.30229,-97.03,3,5,0,0,0,0,0,0,0
1775539057,-309.6706,70.30229,-97.03,3,5,0,0,0,0,0,0,0
1775539057,-309.6582,70.30229,-97.03,3,5,0,0,0,0,0,0,0
1775539057,-309.6453,70.30229,-97.03,3,5,0,0,0,0,0,0,0
1775539057,-309.633,70.30229,-97.03,3,5,0,0,0,0,0,0,0
1775539057,-309.6209,70.30229,-97.03,3,5,0,0,0,0,0,0,0
1775539057,-309.608,70.30229,-97.03,3,5,0,0,0,0,0,0,0
1775539057,-309.595,70.30229,-97.03,3,5,0,0,0,0,0,0,0
1775539057,-309.5834,70.30229,-97.03,3,5,0,0,0,0,0,0,0
1775539057,-309.5722,70.30229,-97.03,3,5,0,0,0,0,0,0,0
1775539057,-309.5591,70.30229,-97.03,3,5,0,0,0,0,0,0,0
1775539057,-309.5464,70.30229,-97.03,3,5,0,0,0,0,0,0,0
1775539057,-309.5351,70.30229,-97.03,3,5,0,0,0,0,0,0,0
1775539057,-309.5244,70.30229,-97.03,3,5,0,0,0,0,0,0,0
1775539057,-309.5123,70.30229,-97.03,3,5,0,0,0,0,0,0,0
1775539058,-309.4998,70.30229,-97.03,3,5,0,0,0,0,0,0,0
1775539058,-309.4864,70.30229,-97.03,3,5,0,0,0,0,0,0,0
1775539058,-309.4747,70.30229,-97.03,3,5,0,0,0,0,0,0,0
1775539058,-309.4626,70.30229,-97.03,3,5,0,0,0,0,0,0,0
1775539058,-309.45,70.30229,-97.03,3,5,0,0,0,0,0,0,0
1775539058,-309.4381,70.30229,-97.03,3,5,0,0,0,0,0,0,0
1775539058,-309.426,70.30229,-97.03,3,5,0,0,0,0,0,0,0
1775539058,-309.4138,70.30229,-97.03,3,5,0,0,0,0,0,0,0
1775539058,-309.4017,70.30229,-97.03,3,5,0,0,0,0,0,0,0
1775539058,-309.3897,70.30229,-97.03,3,5,0,0,0,0,0,0,0
1775539058,-309.3782,70.30229,-97.03,3,5,0,0,0,0,0,0,0
1775539058,-309.3661,70.30229,-97.03,3,5,0,0,0,0,0,0,0
1775539058,-309.3544,70.30229,-97.03,3,5,0,0,0,0,0,0,0
1775539058,-309.3417,70.30229,-97.03,3,5,0,0,0,0,0,0,0
1775539058,-309.3294,70.30229,-97.03,3,5,0,0,0,0,0,0,0
1775539058,-309.317,70.30229,-97.03,3,5,0,0,0,0,0,0,0
1775539058,-309.3048,70.30229,-97.03,3,5,0,0,0,0,0,0,0
1775539058,-309.2924,70.30229,-97.03,3,5,0,0,0,0,0,0,0
1775539058,-309.2813,70.30229,-97.03,3,5,0,0,0,0,0,0,0
1775539058,-309.2695,70.30229,-97.03,3,5,0,0,0,0,0,0,0
1775539058,-309.2587,70.30229,-97.03,3,5,0,0,0,0,0,0,0
1775539058,-309.2454,70.30229,-97.03,3,5,0,0,0,0,0,0,0
1775539058,-309.2335,70.30229,-97.03,3,5,0,0,0,0,0,0,0
1775539058,-309.2216,70.30229,-97.03,3,5,0,0,0,0,0,0,0
1775539058,-309.2103,70.30229,-97.03,3,5,0,0,0,0,0,0,0
1775539058,-309.1971,70.30229,-97.03,3,5,0,0,0,0,0,0,0
1775539058,-309.1852,70.30229,-97.03,3,5,0,0,0,0,0,0,0
1775539058,-309.1734,70.30229,-97.03,3,5,0,0,0,0,0,0,0
1775539058,-309.1613,70.30229,-97.03,3,5,0,0,0,0,0,0,0
1775539058,-309.1488,70.30229,-97.03,3,5,0,0,0,0,0,0,0
1775539058,-309.1365,70.30229,-97.03,3,5,0,0,0,0,0,0,0
1775539058,-309.123,70.30229,-97.03,3,5,0,0,0,0,0,0,0
1775539058,-309.1113,70.30229,-97.03,3,5,0,0,0,0,0,0,0
1775539058,-309.0989,70.30229,-97.03,3,5,0,0,0,0,0,0,0
1775539058,-309.0866,70.30229,-97.03,3,5,0,0,0,0,0,0,0
1775539058,-309.0746,70.30229,-97.03,3,5,0,0,0,0,0,0,0
1775539058,-309.0623,70.30229,-97.03,3,5,0,0,0,0,0,0,0
1775539058,-309.0497,70.30229,-97.03,3,5,0,0,0,0,0,0,0
1775539058,-309.0379,70.30229,-97.03,3,5,0,0,0,0,0,0,0
1775539058,-309.0262,70.30229,-97.03,3,5,0,0,0,0,0,0,0
1775539058,-309.0145,70.30229,-97.03,3,5,0,0,0,0,0,0,0
1775539058,-309.001,70.30229,-97.03,3,5,0,0,0,0,0,0,0
1775539058,-308.9894,70.30229,-97.03,3,5,0,0,0,0,0,0,0
1775539058,-308.978,70.30229,-97.03,3,5,0,0,0,0,0,0,0
1775539058,-308.9663,70.30229,-97.03,3,5,0,0,0,0,0,0,0
1775539058,-308.955,70.30229,-97.03,3,5,0,0,0,0,0,0,0
1775539058,-308.9422,70.30229,-97.03,3,5,0,0,0,0,0,0,0
1775539058,-308.9306,70.30229,-97.03,3,5,0,0,0,0,0,0,0
1775539058,-308.9194,70.30229,-97.03,3,5,0,0,0,0,0,0,0
1775539058,-308.9077,70.30229,-97.03,3,5,0,0,0,0,0,0,0
1775539058,-308.896,70.30229,-97.03,3,5,0,0,0,0,0,0,0
1775539058,-308.8837,70.30229,-97.03,3,5,0,0,0,0,0,0,0
1775539058,-308.8708,70.30229,-97.03,3,5,0,0,0,0,0,0,0
1775539058,-308.8581,70.30229,-97.03,3,5,0,0,0,0,0,0,0
1775539058,-308.8465,70.30229,-97.03,3,5,0,0,0,0,0,0,0
1775539058,-308.8334,70.30229,-97.03,3,5,0,0,0,0,0,0,0
1775539058,-308.8216,70.30229,-97.03,3,5,0,0,0,0,0,0,0
1775539058,-308.8101,70.30229,-97.03,3,5,0,0,0,0,0,0,0
1775539058,-308.7986,70.30229,-97.03,3,5,0,0,0,0,0,0,0
1775539058,-308.7868,70.30229,-97.03,3,5,0,0,0,0,0,0,0
1775539058,-308.7752,70.30229,-97.03,3,5,0,0,0,0,0,0,0
1775539058,-308.7621,70.30229,-97.03,3,5,0,0,0,0,0,0,0
1775539058,-308.7498,70.30229,-97.03,3,5,0,0,0,0,0,0,0
1775539058,-308.737,70.30229,-97.03,3,5,0,0,0,0,0,0,0
1775539058,-308.7252,70.30229,-97.03,3,5,0,0,0,0,0,0,0
1775539058,-308.7138,70.30229,-97.03,3,5,0,0,0,0,0,0,0
1775539058,-308.7012,70.30229,-97.03,3,5,0,0,0,0,0,0,0
1775539058,-308.6898,70.30229,-97.03,3,5,0,0,0,0,0,0,0
1775539058,-308.6775,70.30229,-97.03,3,5,0,0,0,0,0,0,0
1775539058,-308.666,70.30229,-97.03,3,5,0,0,0,0,0,0,0
1775539058,-308.6534,70.30229,-97.03,3,5,0,0,0,0,0,0,0
1775539058,-308.64,70.30229,-97.03,3,5,0,0,0,0,0,0,0
1775539058,-308.628,70.30229,-97.03,3,5,0,0,0,0,0,0,0
1775539058,-308.6154,70.30229,-97.03,3,5,0,0,0,0,0,0,0
1775539058,-308.6039,70.30229,-97.03,3,5,0,0,0,0,0,0,0
1775539058,-308.592,70.30229,-97.03,3,5,0,0,0,0,0,0,0
1775539058,-308.58,70.30229,-97.03,3,5,0,0,0,0,0,0,0
1775539058,-308.5674,70.30229,-97.03,3,5,0,0,0,0,0,0,0
1775539058,-308.5561,70.30229,-97.03,3,5,0,0,0,0,0,0,0
1775539058,-308.5255,70.30229,-97.03,3,5,0,0,0,0,0,0,0
1775539058,-308.5121,70.30229,-97.03,3,5,0,0,0,0,0,0,0
1775539058,-308.4997,70.30229,-97.03,3,5,0,0,0,0,0,0,0
1775539058,-308.4878,70.30229,-97.03,3,5,0,0,0,0,0,0,0
1775539058,-308.4762,70.30229,-97.03,3,5,0,0,0,0,0,0,0
1775539058,-308.4637,70.30229,-97.03,3,5,0,0,0,0,0,0,0
1775539058,-308.4506,70.30229,-97.03,3,5,0,0,0,0,0,0,0
1775539058,-308.4388,70.30229,-97.03,3,5,0,0,0,0,0,0,0
1775539058,-308.428,70.30229,-97.03,3,5,0,0,0,0,0,0,0
1775539058,-308.4164,70.30229,-97.03,3,5,0,0,0,0,0,0,0
1775539058,-308.404,70.30229,-97.03,3,5,0,0,0,0,0,0,0
1775539058,-308.3926,70.30229,-97.03,3,5,0,0,0,0,0,0,0
1775539058,-308.381,70.30229,-97.03,3,5,0,0,0,0,0,0,0
1775539058,-308.3697,70.30229,-97.03,3,5,0,0,0,0,0,0,0
1775539058,-308.3583,70.30229,-97.03,3,5,0,0,0,0,0,0,0
1775539058,-308.3462,70.30229,-97.03,3,5,0,0,0,0,0,0,0
1775539058,-308.3355,70.30229,-97.03,3,5,0,0,0,0,0,0,0
1775539058,-308.3242,70.30229,-97.03,3,5,0,0,0,0,0,0,0
1775539058,-308.3121,70.30229,-97.03,3,5,0,0,0,0,0,0,0
1775539058,-308.3001,70.30229,-97.03,3,5,0,0,0,0,0,0,0
1775539058,-308.2881,70.30229,-97.03,3,5,0,0,0,0,0,0,0
1775539058,-308.2764,70.30229,-97.03,3,5,0,0,0,0,0,0,0
1775539058,-308.2643,70.30229,-97.03,3,5,0,0,0,0,0,0,0
1775539058,-308.2528,70.30229,-97.03,3,5,0,0,0,0,0,0,0
1775539058,-308.2421,70.30229,-97.03,3,5,0,0,0,0,0,0,0
1775539058,-308.2304,70.30229,-97.03,3,5,0,0,0,0,0,0,0
1775539058,-308.2186,70.30229,-97.03,3,5,0,0,0,0,0,0,0
1775539058,-308.2071,70.30229,-97.03,3,5,0,0,0,0,0,0,0
1775539058,-308.1953,70.30229,-97.03,3,5,0,0,0,0,0,0,0
1775539058,-308.1833,70.30229,-97.03,3,5,0,0,0,0,0,0,0
1775539058,-308.1721,70.30229,-97.03,3,5,0,0,0,0,0,0,0
1775539058,-308.1594,70.30229,-97.03,3,5,0,0,0,0,0,0,0
1775539058,-308.1459,70.30229,-97.03,3,5,0,0,0,0,0,0,0
1775539058,-308.1336,70.30229,-97.03,3,5,0,0,0,0,0,0,0
1775539058,-308.1226,70.30229,-97.03,3,5,0,0,0,0,0,0,0
1775539058,-308.1107,70.30229,-97.03,3,5,0,0,0,0,0,0,0
1775539058,-308.0984,70.30229,-97.03,3,5,0,0,0,0,0,0,0
1775539058,-308.086,70.30229,-97.03,3,5,0,0,0,0,0,0,0
1775539058,-308.0745,70.30229,-97.03,3,5,0,0,0,0,0,0,0
1775539058,-308.0634,70.30229,-97.03,3,5,0,0,0,0,0,0,0
1775539058,-308.0522,70.30229,-97.03,3,5,0,0,0,0,0,0,0
1775539058,-308.0403,70.30229,-97.03,3,5,0,0,0,0,0,0,0
1775539058,-308.0288,70.30229,-97.03,3,5,0,0,0,0,0,0,0
1775539058,-308.0166,70.30229,-97.03,3,5,0,0,0,0,0,0,0
1775539058,-308.0049,70.30229,-97.03,3,5,0,0,0,0,0,0,0
1775539058,-307.9923,70.30229,-97.03,3,5,0,0,0,0,0,0,0
1775539058,-307.9793,70.30229,-97.03,3,5,0,0,0,0,0,0,0
1775539058,-307.9673,70.30229,-97.03,3,5,0,0,0,0,0,0,0
1775539058,-307.9554,70.30229,-97.03,3,5,0,0,0,0,0,0,0
1775539058,-307.943,70.30229,-97.03,3,5,0,0,0,0,0,0,0
1775539058,-307.9312,70.30229,-97.03,3,5,0,0,0,0,0,0,0
1775539058,-307.9174,70.30229,-97.03,3,5,0,0,0,0,0,0,0
1775539058,-307.904,70.30229,-97.03,3,5,0,0,0,0,0,0,0
1775539058,-307.892,70.30229,-97.03,3,5,0,0,0,0,0,0,0
1775539058,-307.8798,70.30229,-97.03,3,5,0,0,0,0,0,0,0
1775539058,-307.8683,70.30229,-97.03,3,5,0,0,0,0,0,0,0
1775539058,-307.8557,70.30229,-97.03,3,5,0,0,0,0,0,0,0
1775539058,-307.8446,70.30229,-97.03,3,5,0,0,0,0,0,0,0
1775539058,-307.8339,70.30229,-97.03,3,5,0,0,0,0,0,0,0
1775539058,-307.8228,70.30229,-97.03,3,5,0,0,0,0,0,0,0
1775539058,-307.8116,70.30229,-97.03,3,5,0,0,0,0,0,0,0
1775539058,-307.7996,70.30229,-97.03,3,5,0,0,0,0,0,0,0
1775539058,-307.7882,70.30229,-97.03,3,5,0,0,0,0,0,0,0
1775539058,-307.7761,70.30229,-97.03,3,5,0,0,0,0,0,0,0
1775539058,-307.7645,70.30229,-97.03,3,5,0,0,0,0,0,0,0
1775539058,-307.7527,70.30229,-97.03,3,5,0,0,0,0,0,0,0
1775539058,-307.7405,70.30229,-97.03,3,5,0,0,0,0,0,0,0
1775539058,-307.7296,70.30229,-97.03,3,5,0,0,0,0,0,0,0
1775539058,-307.7186,70.30229,-97.03,3,5,0,0,0,0,0,0,0
1775539058,-307.7076,70.30229,-97.03,3,5,0,0,0,0,0,0,0
1775539058,-307.6962,70.30229,-97.03,3,5,0,0,0,0,0,0,0
1775539058,-307.6843,70.30229,-97.03,3,5,0,0,0,0,0,0,0
1775539058,-307.6733,70.30229,-97.03,3,5,0,0,0,0,0,0,0
1775539058,-307.6619,70.30229,-97.03,3,5,0,0,0,0,0,0,0
1775539058,-307.6501,70.30229,-97.03,3,5,0,0,0,0,0,0,0
1775539058,-307.639,70.30229,-97.03,3,5,0,0,0,0,0,0,0
1775539058,-307.6273,70.30229,-97.03,3,5,0,0,0,0,0,0,0
1775539058,-307.6161,70.30229,-97.03,3,5,0,0,0,0,0,0,0
1775539058,-307.604,70.30229,-97.03,3,5,0,0,0,0,0,0,0
1775539058,-307.5914,70.30229,-97.03,3,5,0,0,0,0,0,0,0
1775539058,-307.5802,70.30229,-97.03,3,5,0,0,0,0,0,0,0
1775539058,-307.5689,70.30229,-97.03,3,5,0,0,0,0,0,0,0
1775539058,-307.5574,70.30229,-97.03,3,5,0,0,0,0,0,0,0
1775539058,-307.5463,70.30229,-97.03,3,5,0,0,0,0,0,0,0
1775539058,-307.5354,70.30229,-97.03,3,5,0,0,0,0,0,0,0
1775539058,-307.5244,70.30229,-97.03,3,5,0,0,0,0,0,0,0
1775539058,-307.5135,70.30229,-97.03,3,5,0,0,0,0,0,0,0
1775539058,-307.5017,70.30229,-97.03,3,5,0,0,0,0,0,0,0
1775539058,-307.4901,70.30229,-97.03,3,5,0,0,0,0,0,0,0
1775539058,-307.4777,70.30229,-97.03,3,5,0,0,0,0,0,0,0
1775539058,-307.467,70.30229,-97.03,3,5,0,0,0,0,0,0,0
1775539058,-307.4562,70.30229,-97.03,3,5,0,0,0,0,0,0,0
1775539058,-307.4439,70.30229,-97.03,3,5,0,0,0,0,0,0,0
1775539058,-307.4322,70.30229,-97.03,3,5,0,0,0,0,0,0,0
1775539058,-307.4211,70.30229,-97.03,3,5,0,0,0,0,0,0,0
1775539058,-307.4095,70.30229,-97.03,3,5,0,0,0,0,0,0,0
1775539058,-307.398,70.30229,-97.03,3,5,0,0,0,0,0,0,0
1775539058,-307.3855,70.30229,-97.03,3,5,0,0,0,0,0,0,0
1775539058,-307.3739,70.30229,-97.03,3,5,0,0,0,0,0,0,0
1775539058,-307.3629,70.30229,-97.03,3,5,0,0,0,0,0,0,0
1775539058,-307.3516,70.30229,-97.03,3,5,0,0,0,0,0,0,0
1775539058,-307.3404,70.30229,-97.03,3,5,0,0,0,0,0,0,0
1775539058,-307.329,70.30229,-97.03,3,5,0,0,0,0,0,0,0
1775539058,-307.3177,70.30229,-97.03,3,5,0,0,0,0,0,0,0
1775539058,-307.306,70.30229,-97.03,3,5,0,0,0,0,0,0,0
1775539058,-307.2946,70.30229,-97.03,3,5,0,0,0,0,0,0,0
1775539058,-307.2838,70.30229,-97.03,3,5,0,0,0,0,0,0,0
1775539058,-307.2724,70.30229,-97.03,3,5,0,0,0,0,0,0,0
1775539058,-307.2608,70.30229,-97.03,3,5,0,0,0,0,0,0,0
1775539058,-307.2489,70.30229,-97.03,3,5,0,0,0,0,0,0,0
1775539058,-307.2371,70.30229,-97.03,3,5,0,0,0,0,0,0,0
1775539058,-307.2262,70.30229,-97.03,3,5,0,0,0,0,0,0,0
1775539058,-307.2146,70.30229,-97.03,3,5,0,0,0,0,0,0,0
1775539058,-307.2021,70.30229,-97.03,3,5,0,0,0,0,0,0,0
1775539058,-307.1905,70.30229,-97.03,3,5,0,0,0,0,0,0,0
1775539058,-307.1796,70.30229,-97.03,3,5,0,0,0,0,0,0,0
1775539058,-307.1684,70.30229,-97.03,3,5,0,0,0,0,0,0,0
1775539058,-307.1574,70.30229,-97.03,3,5,0,0,0,0,0,0,0
1775539058,-307.1445,70.30229,-97.03,3,5,0,0,0,0,0,0,0
1775539058,-307.1324,70.30229,-97.03,3,5,0,0,0,0,0,0,0
1775539058,-307.121,70.30229,-97.03,3,5,0,0,0,0,0,0,0
1775539058,-307.1094,70.30229,-97.03,3,5,0,0,0,0,0,0,0
1775539058,-307.0967,70.30229,-97.03,3,5,0,0,0,0,0,0,0
1775539058,-307.0843,70.30229,-97.03,3,5,0,0,0,0,0,0,0
1775539058,-307.0729,70.30229,-97.03,3,5,0,0,0,0,0,0,0
1775539058,-307.0614,70.30229,-97.03,3,5,0,0,0,0,0,0,0
1775539058,-307.0499,70.30229,-97.03,3,5,0,0,0,0,0,0,0
1775539058,-307.0386,70.30229,-97.03,3,5,0,0,0,0,0,0,0
1775539058,-307.0257,70.30229,-97.03,3,5,0,0,0,0,0,0,0
1775539058,-307.0147,70.30229,-97.03,3,5,0,0,0,0,0,0,0
1775539058,-307.0033,70.30229,-97.03,3,5,0,0,0,0,0,0,0
1775539058,-306.9912,70.30229,-97.03,3,5,0,0,0,0,0,0,0
1775539058,-306.9803,70.30229,-97.03,3,5,0,0,0,0,0,0,0
1775539058,-306.9695,70.30229,-97.03,3,5,0,0,0,0,0,0,0
1775539058,-306.9576,70.30229,-97.03,3,5,0,0,0,0,0,0,0
1775539058,-306.9458,70.30229,-97.03,3,5,0,0,0,0,0,0,0
1775539058,-306.9338,70.30229,-97.03,3,5,0,0,0,0,0,0,0
1775539058,-306.922,70.30229,-97.03,3,5,0,0,0,0,0,0,0
1775539058,-306.9111,70.30229,-97.03,3,5,0,0,0,0,0,0,0
1775539058,-306.8986,70.30229,-97.03,3,5,0,0,0,0,0,0,0
1775539058,-306.8875,70.30229,-97.03,3,5,0,0,0,0,0,0,0
1775539058,-306.8761,70.30229,-97.03,3,5,0,0,0,0,0,0,0
1775539058,-306.8653,70.30229,-97.03,3,5,0,0,0,0,0,0,0
1775539058,-306.8543,70.30229,-97.03,3,5,0,0,0,0,0,0,0
1775539058,-306.8426,70.30229,-97.03,3,5,0,0,0,0,0,0,0
1775539058,-306.832,70.30229,-97.03,3,5,0,0,0,0,0,0,0
1775539058,-306.8198,70.30229,-97.03,3,5,0,0,0,0,0,0,0
1775539058,-306.8089,70.30229,-97.03,3,5,0,0,0,0,0,0,0
1775539058,-306.7977,70.30229,-97.03,3,5,0,0,0,0,0,0,0
1775539058,-306.7858,70.30229,-97.03,3,5,0,0,0,0,0,0,0
1775539058,-306.7752,70.30229,-97.03,3,5,0,0,0,0,0,0,0
1775539058,-306.7638,70.30229,-97.03,3,5,0,0,0,0,0,0,0
1775539058,-306.7531,70.30229,-97.03,3,5,0,0,0,0,0,0,0
1775539058,-306.7411,70.30229,-97.03,3,5,0,0,0,0,0,0,0
1775539058,-306.7301,70.30229,-97.03,3,5,0,0,0,0,0,0,0
1775539058,-306.7182,70.30229,-97.03,3,5,0,0,0,0,0,0,0
1775539058,-306.7076,70.30229,-97.03,3,5,0,0,0,0,0,0,0
1775539058,-306.6963,70.30229,-97.03,3,5,0,0,0,0,0,0,0
1775539058,-306.6854,70.30229,-97.03,3,5,0,0,0,0,0,0,0
1775539058,-306.6741,70.30229,-97.03,3,5,0,0,0,0,0,0,0
1775539058,-306.662,70.30229,-97.03,3,5,0,0,0,0,0,0,0
1775539058,-306.6507,70.30229,-97.03,3,5,0,0,0,0,0,0,0
1775539058,-306.6387,70.30229,-97.03,3,5,0,0,0,0,0,0,0
1775539058,-306.6276,70.30229,-97.03,3,5,0,0,0,0,0,0,0
1775539058,-306.6165,70.30229,-97.03,3,5,0,0,0,0,0,0,0
1775539058,-306.6044,70.30229,-97.03,3,5,0,0,0,0,0,0,0
1775539058,-306.5926,70.30229,-97.03,3,5,0,0,0,0,0,0,0
1775539058,-306.5808,70.30229,-97.03,3,5,0,0,0,0,0,0,0
1775539058,-306.57,70.30229,-97.03,3,5,0,0,0,0,0,0,0
1775539058,-306.5598,70.30229,-97.03,3,5,0,0,0,0,0,0,0
1775539058,-306.5482,70.30229,-97.03,3,5,0,0,0,0,0,0,0
1775539058,-306.5358,70.30229,-97.03,3,5,0,0,0,0,0,0,0
1775539058,-306.5238,70.30229,-97.03,3,5,0,0,0,0,0,0,0
1775539058,-306.5129,70.30229,-97.03,3,5,0,0,0,0,0,0,0
1775539059,-306.5015,70.30229,-97.03,3,5,0,0,0,0,0,0,0
1775539059,-306.4905,70.30229,-97.03,3,5,0,0,0,0,0,0,0
1775539059,-306.4787,70.30229,-97.03,3,5,0,0,0,0,0,0,0
1775539059,-306.4685,70.30229,-97.03,3,5,0,0,0,0,0,0,0
1775539059,-306.4574,70.30229,-97.03,3,5,0,0,0,0,0,0,0
1775539059,-306.4458,70.30229,-97.03,3,5,0,0,0,0,0,0,0
1775539059,-306.4347,70.30229,-97.03,3,5,0,0,0,0,0,0,0
1775539059,-306.4231,70.30229,-97.03,3,5,0,0,0,0,0,0,0
1775539059,-306.4122,70.30229,-97.03,3,5,0,0,0,0,0,0,0
1775539059,-306.4012,70.30229,-97.03,3,5,0,0,0,0,0,0,0
1775539059,-306.3905,70.30229,-97.03,3,5,0,0,0,0,0,0,0
1775539059,-306.3792,70.30229,-97.03,3,5,0,0,0,0,0,0,0
1775539059,-306.3677,70.30229,-97.03,3,5,0,0,0,0,0,0,0
1775539059,-306.3574,70.30229,-97.03,3,5,0,0,0,0,0,0,0
1775539059,-306.3463,70.30229,-97.03,3,5,0,0,0,0,0,0,0
1775539059,-306.3356,70.30229,-97.03,3,5,0,0,0,0,0,0,0
1775539059,-306.3246,70.30229,-97.03,3,5,0,0,0,0,0,0,0
1775539059,-306.3135,70.30229,-97.03,3,5,0,0,0,0,0,0,0
1775539059,-306.3021,70.30229,-97.03,3,5,0,0,0,0,0,0,0
1775539059,-306.291,70.30229,-97.03,3,5,0,0,0,0,0,0,0
1775539059,-306.2798,70.30229,-97.03,3,5,0,0,0,0,0,0,0
1775539059,-306.2684,70.30229,-97.03,3,5,0,0,0,0,0,0,0
1775539059,-306.2576,70.30229,-97.03,3,5,0,0,0,0,0,0,0
1775539059,-306.2445,70.30229,-97.03,3,5,0,0,0,0,0,0,0
1775539059,-306.2329,70.30229,-97.03,3,5,0,0,0,0,0,0,0
1775539059,-306.2221,70.30229,-97.03,3,5,0,0,0,0,0,0,0
1775539059,-306.2111,70.30229,-97.03,3,5,0,0,0,0,0,0,0
1775539059,-306.2004,70.30229,-97.03,3,5,0,0,0,0,0,0,0
1775539059,-306.1898,70.30229,-97.03,3,5,0,0,0,0,0,0,0
1775539059,-306.1778,70.30229,-97.03,3,5,0,0,0,0,0,0,0
1775539059,-306.167,70.30229,-97.03,3,5,0,0,0,0,0,0,0
1775539059,-306.1556,70.30229,-97.03,3,5,0,0,0,0,0,0,0
1775539059,-306.1447,70.30229,-97.03,3,5,0,0,0,0,0,0,0
1775539059,-306.1338,70.30229,-97.03,3,5,0,0,0,0,0,0,0
1775539059,-306.122,70.30229,-97.03,3,5,0,0,0,0,0,0,0
1775539059,-306.1111,70.30229,-97.03,3,5,0,0,0,0,0,0,0
1775539059,-306.1004,70.30229,-97.03,3,5,0,0,0,0,0,0,0
1775539059,-306.0897,70.30229,-97.03,3,5,0,0,0,0,0,0,0
1775539059,-306.0795,70.30229,-97.03,3,5,0,0,0,0,0,0,0
1775539059,-306.0679,70.30229,-97.03,3,5,0,0,0,0,0,0,0
1775539059,-306.0562,70.30229,-97.03,3,5,0,0,0,0,0,0,0
1775539059,-306.0441,70.30229,-97.03,3,5,0,0,0,0,0,0,0
1775539059,-306.0337,70.30229,-97.03,3,5,0,0,0,0,0,0,0
1775539059,-306.0206,70.30229,-97.03,3,5,0,0,0,0,0,0,0
1775539059,-306.0093,70.30229,-97.03,3,5,0,0,0,0,0,0,0
1775539059,-305.9964,70.30229,-97.03,3,5,0,0,0,0,0,0,0
1775539059,-305.9859,70.30229,-97.03,3,5,0,0,0,0,0,0,0
1775539059,-305.9755,70.30229,-97.03,3,5,0,0,0,0,0,0,0
1775539059,-305.9648,70.30229,-97.03,3,5,0,0,0,0,0,0,0
1775539059,-305.9535,70.30229,-97.03,3,5,0,0,0,0,0,0,0
1775539059,-305.9416,70.30229,-97.03,3,5,0,0,0,0,0,0,0
1775539059,-305.9305,70.30229,-97.03,3,5,0,0,0,0,0,0,0
1775539059,-305.9184,70.30229,-97.03,3,5,0,0,0,0,0,0,0
1775539059,-305.906,70.30229,-97.03,3,5,0,0,0,0,0,0,0
1775539059,-305.8946,70.30229,-97.03,3,5,0,0,0,0,0,0,0
1775539059,-305.8827,70.30229,-97.03,3,5,0,0,0,0,0,0,0
1775539059,-305.8714,70.30229,-97.03,3,5,0,0,0,0,0,0,0
1775539059,-305.86,70.30229,-97.03,3,5,0,0,0,0,0,0,0
1775539059,-305.8479,70.30229,-97.03,3,5,0,0,0,0,0,0,0
1775539059,-305.837,70.30229,-97.03,3,5,0,0,0,0,0,0,0
1775539059,-305.825,70.30229,-97.03,3,5,0,0,0,0,0,0,0
1775539059,-305.8142,70.30229,-97.03,3,5,0,0,0,0,0,0,0
1775539059,-305.8006,70.30229,-97.03,3,5,0,0,0,0,0,0,0
1775539059,-305.7891,70.30229,-97.03,3,5,0,0,0,0,0,0,0
1775539059,-305.7782,70.30229,-97.03,3,5,0,0,0,0,0,0,0
1775539059,-305.7666,70.30229,-97.03,3,5,0,0,0,0,0,0,0
1775539059,-305.7557,70.30229,-97.03,3,5,0,0,0,0,0,0,0
1775539059,-305.744,70.30229,-97.03,3,5,0,0,0,0,0,0,0
1775539059,-305.7327,70.30229,-97.03,3,5,0,0,0,0,0,0,0
1775539059,-305.7218,70.30229,-97.03,3,5,0,0,0,0,0,0,0
1775539059,-305.711,70.30229,-97.03,3,5,0,0,0,0,0,0,0
1775539059,-305.6981,70.30229,-97.03,3,5,0,0,0,0,0,0,0
1775539059,-305.6869,70.30229,-97.03,3,5,0,0,0,0,0,0,0
1775539059,-305.676,70.30229,-97.03,3,5,0,0,0,0,0,0,0
1775539059,-305.6649,70.30229,-97.03,3,5,0,0,0,0,0,0,0
1775539059,-305.6532,70.30229,-97.03,3,5,0,0,0,0,0,0,0
1775539059,-305.641,70.30229,-97.03,3,5,0,0,0,0,0,0,0
1775539059,-305.6296,70.30229,-97.03,3,5,0,0,0,0,0,0,0
1775539059,-305.6183,70.30229,-97.03,3,5,0,0,0,0,0,0,0
1775539059,-305.6074,70.30229,-97.03,3,5,0,0,0,0,0,0,0
1775539059,-305.5952,70.30229,-97.03,3,5,0,0,0,0,0,0,0
1775539059,-305.5841,70.30229,-97.03,3,5,0,0,0,0,0,0,0
1775539059,-305.5735,70.30229,-97.03,3,5,0,0,0,0,0,0,0
1775539059,-305.5628,70.30229,-97.03,3,5,0,0,0,0,0,0,0
1775539059,-305.5519,70.30229,-97.03,3,5,0,0,0,0,0,0,0
1775539059,-305.5408,70.30229,-97.03,3,5,0,0,0,0,0,0,0
1775539059,-305.5302,70.30229,-97.03,3,5,0,0,0,0,0,0,0
1775539059,-305.5181,70.30229,-97.03,3,5,0,0,0,0,0,0,0
1775539059,-305.5065,70.30229,-97.03,3,5,0,0,0,0,0,0,0
1775539059,-305.4938,70.30229,-97.03,3,5,0,0,0,0,0,0,0
1775539059,-305.4826,70.30229,-97.03,3,5,0,0,0,0,0,0,0
1775539059,-305.4722,70.30229,-97.03,3,5,0,0,0,0,0,0,0
1775539059,-305.4601,70.30229,-97.03,3,5,0,0,0,0,0,0,0
1775539059,-305.4488,70.30229,-97.03,3,5,0,0,0,0,0,0,0
1775539059,-305.437,70.30229,-97.03,3,5,0,0,0,0,0,0,0
1775539059,-305.4263,70.30229,-97.03,3,5,0,0,0,0,0,0,0
1775539059,-305.4162,70.30229,-97.03,3,5,0,0,0,0,0,0,0
1775539059,-305.4046,70.30229,-97.03,3,5,0,0,0,0,0,0,0
1775539059,-305.3936,70.30229,-97.03,3,5,0,0,0,0,0,0,0
1775539059,-305.3817,70.30229,-97.03,3,5,0,0,0,0,0,0,0
1775539059,-305.3704,70.30229,-97.03,3,5,0,0,0,0,0,0,0
1775539059,-305.3393,70.30229,-97.03,3,5,0,0,0,0,0,0,0
1775539059,-305.3154,70.30229,-97.03,3,5,0,0,0,0,0,0,0
1775539059,-305.2952,70.30229,-97.03,3,5,0,0,0,0,0,0,0
1775539059,-305.2827,70.30229,-97.03,3,5,0,0,0,0,0,0,0
1775539059,-305.2716,70.30229,-97.03,3,5,0,0,0,0,0,0,0
1775539059,-305.2605,70.30229,-97.03,3,5,0,0,0,0,0,0,0
1775539059,-305.2487,70.30229,-97.03,3,5,0,0,0,0,0,0,0
1775539059,-305.2372,70.30229,-97.03,3,5,0,0,0,0,0,0,0
1775539059,-305.2247,70.30229,-97.03,3,5,0,0,0,0,0,0,0
1775539059,-305.2134,70.30229,-97.03,3,5,0,0,0,0,0,0,0
1775539059,-305.2013,70.30229,-97.03,3,5,0,0,0,0,0,0,0
1775539059,-305.1889,70.30229,-97.03,3,5,0,0,0,0,0,0,0
1775539059,-305.177,70.30229,-97.03,3,5,0,0,0,0,0,0,0
1775539059,-305.1644,70.30229,-97.03,3,5,0,0,0,0,0,0,0
1775539059,-305.1535,70.30229,-97.03,3,5,0,0,0,0,0,0,0
1775539059,-305.142,70.30229,-97.03,3,5,0,0,0,0,0,0,0
1775539059,-305.1308,70.30229,-97.03,3,5,0,0,0,0,0,0,0
1775539059,-305.1198,70.30229,-97.03,3,5,0,0,0,0,0,0,0
1775539059,-305.1088,70.30229,-97.03,3,5,0,0,0,0,0,0,0
1775539059,-305.0957,70.30229,-97.03,3,5,0,0,0,0,0,0,0
1775539059,-305.0843,70.30229,-97.03,3,5,0,0,0,0,0,0,0
1775539059,-305.0738,70.30229,-97.03,3,5,0,0,0,0,0,0,0
1775539059,-305.0619,70.30229,-97.03,3,5,0,0,0,0,0,0,0
1775539059,-305.0504,70.30229,-97.03,3,5,0,0,0,0,0,0,0
1775539059,-305.0374,70.30229,-97.03,3,5,0,0,0,0,0,0,0
1775539059,-305.026,70.30229,-97.03,3,5,0,0,0,0,0,0,0
1775539059,-305.0147,70.30229,-97.03,3,5,0,0,0,0,0,0,0
1775539059,-305.0033,70.30229,-97.03,3,5,0,0,0,0,0,0,0
1775539059,-304.9904,70.30229,-97.03,3,5,0,0,0,0,0,0,0
1775539059,-304.979,70.30229,-97.03,3,5,0,0,0,0,0,0,0
1775539059,-304.968,70.30229,-97.03,3,5,0,0,0,0,0,0,0
1775539059,-304.956,70.30229,-97.03,3,5,0,0,0,0,0,0,0
1775539059,-304.9441,70.30229,-97.03,3,5,0,0,0,0,0,0,0
1775539059,-304.9333,70.30229,-97.03,3,5,0,0,0,0,0,0,0
1775539059,-304.9213,70.30229,-97.03,3,5,0,0,0,0,0,0,0
1775539059,-304.9094,70.30229,-97.03,3,5,0,0,0,0,0,0,0
1775539059,-304.8973,70.30229,-97.03,3,5,0,0,0,0,0,0,0
1775539059,-304.8863,70.30229,-97.03,3,5,0,0,0,0,0,0,0
1775539059,-304.8756,70.30229,-97.03,3,5,0,0,0,0,0,0,0
1775539059,-304.8638,70.30229,-97.03,3,5,0,0,0,0,0,0,0
1775539059,-304.8517,70.30229,-97.03,3,5,0,0,0,0,0,0,0
1775539059,-304.8411,70.30229,-97.03,3,5,0,0,0,0,0,0,0
1775539059,-304.8299,70.30229,-97.03,3,5,0,0,0,0,0,0,0
1775539059,-304.8185,70.30229,-97.03,3,5,0,0,0,0,0,0,0
1775539059,-304.8067,70.30229,-97.03,3,5,0,0,0,0,0,0,0
1775539059,-304.7955,70.30229,-97.03,3,5,0,0,0,0,0,0,0
1775539059,-304.7845,70.30229,-97.03,3,5,0,0,0,0,0,0,0
1775539059,-304.7742,70.30229,-97.03,3,5,0,0,0,0,0,0,0
1775539059,-304.764,70.30229,-97.03,3,5,0,0,0,0,0,0,0
1775539059,-304.7532,70.30229,-97.03,3,5,0,0,0,0,0,0,0
1775539059,-304.7411,70.30229,-97.03,3,5,0,0,0,0,0,0,0
1775539059,-304.7312,70.30229,-97.03,3,5,0,0,0,0,0,0,0
1775539059,-304.7206,70.30229,-97.03,3,5,0,0,0,0,0,0,0
1775539059,-304.7097,70.30229,-97.03,3,5,0,0,0,0,0,0,0
1775539059,-304.699,70.30229,-97.03,3,5,0,0,0,0,0,0,0
1775539059,-304.6872,70.30229,-97.03,3,5,0,0,0,0,0,0,0
1775539059,-304.6764,70.30229,-97.03,3,5,0,0,0,0,0,0,0
1775539059,-304.6658,70.30229,-97.03,3,5,0,0,0,0,0,0,0
1775539059,-304.6548,70.30229,-97.03,3,5,0,0,0,0,0,0,0
1775539059,-304.6423,70.30229,-97.03,3,5,0,0,0,0,0,0,0
1775539059,-304.6309,70.30229,-97.03,3,5,0,0,0,0,0,0,0
1775539059,-304.6188,70.30229,-97.03,3,5,0,0,0,0,0,0,0
1775539059,-304.6078,70.30229,-97.03,3,5,0,0,0,0,0,0,0
1775539059,-304.5967,70.30229,-97.03,3,5,0,0,0,0,0,0,0
1775539059,-304.5853,70.30229,-97.03,3,5,0,0,0,0,0,0,0
1775539059,-304.5747,70.30229,-97.03,3,5,0,0,0,0,0,0,0
1775539059,-304.5637,70.30229,-97.03,3,5,0,0,0,0,0,0,0
1775539059,-304.5528,70.30229,-97.03,3,5,0,0,0,0,0,0,0
1775539059,-304.542,70.30229,-97.03,3,5,0,0,0,0,0,0,0
1775539059,-304.5307,70.30229,-97.03,3,5,0,0,0,0,0,0,0
1775539059,-304.5191,70.30229,-97.03,3,5,0,0,0,0,0,0,0
1775539059,-304.5077,70.30229,-97.03,3,5,0,0,0,0,0,0,0
1775539059,-304.497,70.30229,-97.03,3,5,0,0,0,0,0,0,0
1775539059,-304.4866,70.30229,-97.03,3,5,0,0,0,0,0,0,0
1775539059,-304.4758,70.30229,-97.03,3,5,0,0,0,0,0,0,0
1775539059,-304.4656,70.30229,-97.03,3,5,0,0,0,0,0,0,0
1775539059,-304.4543,70.30229,-97.03,3,5,0,0,0,0,0,0,0
1775539059,-304.4428,70.30229,-97.03,3,5,0,0,0,0,0,0,0
1775539059,-304.4315,70.30229,-97.03,3,5,0,0,0,0,0,0,0
1775539059,-304.4196,70.30229,-97.03,3,5,0,0,0,0,0,0,0
1775539059,-304.4092,70.30229,-97.03,3,5,0,0,0,0,0,0,0
1775539059,-304.399,70.30229,-97.03,3,5,0,0,0,0,0,0,0
1775539059,-304.3872,70.30229,-97.03,3,5,0,0,0,0,0,0,0
1775539059,-304.3751,70.30229,-97.03,3,5,0,0,0,0,0,0,0
1775539059,-304.3631,70.30229,-97.03,3,5,0,0,0,0,0,0,0
1775539059,-304.3507,70.30229,-97.03,3,5,0,0,0,0,0,0,0
1775539059,-304.3394,70.30229,-97.03,3,5,0,0,0,0,0,0,0
1775539059,-304.3274,70.30229,-97.03,3,5,0,0,0,0,0,0,0
1775539059,-304.3164,70.30229,-97.03,3,5,0,0,0,0,0,0,0
1775539059,-304.3041,70.30229,-97.03,3,5,0,0,0,0,0,0,0
1775539059,-304.292,70.30229,-97.03,3,5,0,0,0,0,0,0,0
1775539059,-304.2812,70.30229,-97.03,3,5,0,0,0,0,0,0,0
1775539059,-304.2693,70.30229,-97.03,3,5,0,0,0,0,0,0,0
1775539059,-304.2582,70.30229,-97.03,3,5,0,0,0,0,0,0,0
1775539059,-304.2466,70.30229,-97.03,3,5,0,0,0,0,0,0,0
1775539059,-304.2354,70.30229,-97.03,3,5,0,0,0,0,0,0,0
1775539059,-304.2246,70.30229,-97.03,3,5,0,0,0,0,0,0,0
1775539059,-304.2128,70.30229,-97.03,3,5,0,0,0,0,0,0,0
1775539059,-304.2006,70.30229,-97.03,3,5,0,0,0,0,0,0,0
1775539059,-304.1893,70.30229,-97.03,3,5,0,0,0,0,0,0,0
1775539059,-304.1784,70.30229,-97.03,3,5,0,0,0,0,0,0,0
1775539059,-304.1678,70.30229,-97.03,3,5,0,0,0,0,0,0,0
1775539059,-304.1573,70.30229,-97.03,3,5,0,0,0,0,0,0,0
1775539059,-304.1451,70.30229,-97.03,3,5,0,0,0,0,0,0,0
1775539059,-304.1337,70.30229,-97.03,3,5,0,0,0,0,0,0,0
1775539059,-304.1225,70.30229,-97.03,3,5,0,0,0,0,0,0,0
1775539059,-304.1111,70.30229,-97.03,3,5,0,0,0,0,0,0,0
1775539059,-304.0996,70.30229,-97.03,3,5,0,0,0,0,0,0,0
1775539059,-304.0881,70.30229,-97.03,3,5,0,0,0,0,0,0,0
1775539059,-304.0747,70.30229,-97.03,3,5,0,0,0,0,0,0,0
1775539059,-304.0637,70.30229,-97.03,3,5,0,0,0,0,0,0,0
1775539059,-304.0525,70.30229,-97.03,3,5,0,0,0,0,0,0,0
1775539059,-304.0408,70.30229,-97.03,3,5,0,0,0,0,0,0,0
1775539059,-304.0299,70.30229,-97.03,3,5,0,0,0,0,0,0,0
1775539059,-304.0181,70.30229,-97.03,3,5,0,0,0,0,0,0,0
1775539059,-304.007,70.30229,-97.03,3,5,0,0,0,0,0,0,0
1775539059,-303.9958,70.30229,-97.03,3,5,0,0,0,0,0,0,0
1775539059,-303.9846,70.30229,-97.03,3,5,0,0,0,0,0,0,0
1775539059,-303.9738,70.30229,-97.03,3,5,0,0,0,0,0,0,0
1775539059,-303.9619,70.30229,-97.03,3,5,0,0,0,0,0,0,0
1775539059,-303.9505,70.30229,-97.03,3,5,0,0,0,0,0,0,0
1775539059,-303.9386,70.30229,-97.03,3,5,0,0,0,0,0,0,0
1775539059,-303.9276,70.30229,-97.03,3,5,0,0,0,0,0,0,0
1775539059,-303.9174,70.30229,-97.03,3,5,0,0,0,0,0,0,0
1775539059,-303.9056,70.30229,-97.03,3,5,0,0,0,0,0,0,0
1775539059,-303.8945,70.30229,-97.03,3,5,0,0,0,0,0,0,0
1775539059,-303.8832,70.30229,-97.03,3,5,0,0,0,0,0,0,0
1775539059,-303.872,70.30229,-97.03,3,5,0,0,0,0,0,0,0
1775539059,-303.8615,70.30229,-97.03,3,5,0,0,0,0,0,0,0
1775539059,-303.8504,70.30229,-97.03,3,5,0,0,0,0,0,0,0
1775539059,-303.8387,70.30229,-97.03,3,5,0,0,0,0,0,0,0
1775539059,-303.8282,70.30229,-97.03,3,5,0,0,0,0,0,0,0
1775539059,-303.8179,70.30229,-97.03,3,5,0,0,0,0,0,0,0
1775539059,-303.8071,70.30229,-97.03,3,5,0,0,0,0,0,0,0
1775539059,-303.796,70.30229,-97.03,3,5,0,0,0,0,0,0,0
1775539059,-303.7846,70.30229,-97.03,3,5,0,0,0,0,0,0,0
1775539059,-303.7743,70.30229,-97.03,3,5,0,0,0,0,0,0,0
1775539059,-303.7628,70.30229,-97.03,3,5,0,0,0,0,0,0,0
1775539059,-303.7524,70.30229,-97.03,3,5,0,0,0,0,0,0,0
1775539059,-303.7411,70.30229,-97.03,3,5,0,0,0,0,0,0,0
1775539059,-303.7307,70.30229,-97.03,3,5,0,0,0,0,0,0,0
1775539059,-303.7202,70.30229,-97.03,3,5,0,0,0,0,0,0,0
1775539059,-303.7095,70.30229,-97.03,3,5,0,0,0,0,0,0,0
1775539059,-303.6987,70.30229,-97.03,3,5,0,0,0,0,0,0,0
1775539059,-303.6883,70.30229,-97.03,3,5,0,0,0,0,0,0,0
1775539059,-303.6774,70.30229,-97.03,3,5,0,0,0,0,0,0,0
1775539059,-303.6658,70.30229,-97.03,3,5,0,0,0,0,0,0,0
1775539059,-303.6549,70.30229,-97.03,3,5,0,0,0,0,0,0,0
1775539059,-303.6431,70.30229,-97.03,3,5,0,0,0,0,0,0,0
1775539059,-303.6319,70.30229,-97.03,3,5,0,0,0,0,0,0,0
1775539059,-303.6222,70.30229,-97.03,3,5,0,0,0,0,0,0,0
1775539059,-303.6117,70.30229,-97.03,3,5,0,0,0,0,0,0,0
1775539059,-303.6,70.30229,-97.03,3,5,0,0,0,0,0,0,0
1775539059,-303.5894,70.30229,-97.03,3,5,0,0,0,0,0,0,0
1775539059,-303.5781,70.30229,-97.03,3,5,0,0,0,0,0,0,0
1775539059,-303.5686,70.30229,-97.03,3,5,0,0,0,0,0,0,0
1775539059,-303.5586,70.30229,-97.03,3,5,0,0,0,0,0,0,0
1775539059,-303.5476,70.30229,-97.03,3,5,0,0,0,0,0,0,0
1775539059,-303.5373,70.30229,-97.03,3,5,0,0,0,0,0,0,0
1775539059,-303.5258,70.30229,-97.03,3,5,0,0,0,0,0,0,0
1775539059,-303.5148,70.30229,-97.03,3,5,0,0,0,0,0,0,0
1775539060,-303.5035,70.30229,-97.03,3,5,0,0,0,0,0,0,0
1775539060,-303.4927,70.30229,-97.03,3,5,0,0,0,0,0,0,0
1775539060,-303.4804,70.30229,-97.03,3,5,0,0,0,0,0,0,0
1775539060,-303.4693,70.30229,-97.03,3,5,0,0,0,0,0,0,0
1775539060,-303.4575,70.30229,-97.03,3,5,0,0,0,0,0,0,0
1775539060,-303.4459,70.30229,-97.03,3,5,0,0,0,0,0,0,0
1775539060,-303.4352,70.30229,-97.03,3,5,0,0,0,0,0,0,0
1775539060,-303.4237,70.30229,-97.03,3,5,0,0,0,0,0,0,0
1775539060,-303.4129,70.30229,-97.03,3,5,0,0,0,0,0,0,0
1775539060,-303.4021,70.30229,-97.03,3,5,0,0,0,0,0,0,0
1775539060,-303.3909,70.30229,-97.03,3,5,0,0,0,0,0,0,0
1775539060,-303.38,70.30229,-97.03,3,5,0,0,0,0,0,0,0
1775539060,-303.3688,70.30229,-97.03,3,5,0,0,0,0,0,0,0
1775539060,-303.3575,70.30229,-97.03,3,5,0,0,0,0,0,0,0
1775539060,-303.3457,70.30229,-97.03,3,5,0,0,0,0,0,0,0
1775539060,-303.3349,70.30229,-97.03,3,5,0,0,0,0,0,0,0
1775539060,-303.3243,70.30229,-97.03,3,5,0,0,0,0,0,0,0
1775539060,-303.3129,70.30229,-97.03,3,5,0,0,0,0,0,0,0
1775539060,-303.3015,70.30229,-97.03,3,5,0,0,0,0,0,0,0
1775539060,-303.2908,70.30229,-97.03,3,5,0,0,0,0,0,0,0
1775539060,-303.2804,70.30229,-97.03,3,5,0,0,0,0,0,0,0
1775539060,-303.2701,70.30229,-97.03,3,5,0,0,0,0,0,0,0
1775539060,-303.2603,70.30229,-97.03,3,5,0,0,0,0,0,0,0
1775539060,-303.2492,70.30229,-97.03,3,5,0,0,0,0,0,0,0
1775539060,-303.2378,70.30229,-97.03,3,5,0,0,0,0,0,0,0
1775539060,-303.2279,70.30229,-97.03,3,5,0,0,0,0,0,0,0
1775539060,-303.2169,70.30229,-97.03,3,5,0,0,0,0,0,0,0
1775539060,-303.2061,70.30229,-97.03,3,5,0,0,0,0,0,0,0
1775539060,-303.1954,70.30229,-97.03,3,5,0,0,0,0,0,0,0
1775539060,-303.1843,70.30229,-97.03,3,5,0,0,0,0,0,0,0
1775539060,-303.1746,70.30229,-97.03,3,5,0,0,0,0,0,0,0
1775539060,-303.1642,70.30229,-97.03,3,5,0,0,0,0,0,0,0
1775539060,-303.1534,70.30229,-97.03,3,5,0,0,0,0,0,0,0
1775539060,-303.1424,70.30229,-97.03,3,5,0,0,0,0,0,0,0
1775539060,-303.1319,70.30229,-97.03,3,5,0,0,0,0,0,0,0
1775539060,-303.1204,70.30229,-97.03,3,5,0,0,0,0,0,0,0
1775539060,-303.11,70.30229,-97.03,3,5,0,0,0,0,0,0,0
1775539060,-303.0981,70.30229,-97.03,3,5,0,0,0,0,0,0,0
1775539060,-303.0873,70.30229,-97.03,3,5,0,0,0,0,0,0,0
1775539060,-303.0768,70.30229,-97.03,3,5,0,0,0,0,0,0,0
1775539060,-303.0657,70.30229,-97.03,3,5,0,0,0,0,0,0,0
1775539060,-303.0535,70.30229,-97.03,3,5,0,0,0,0,0,0,0
1775539060,-303.0422,70.30229,-97.03,3,5,0,0,0,0,0,0,0
1775539060,-303.0319,70.30229,-97.03,3,5,0,0,0,0,0,0,0
1775539060,-303.0219,70.30229,-97.03,3,5,0,0,0,0,0,0,0
1775539060,-303.0108,70.30229,-97.03,3,5,0,0,0,0,0,0,0
1775539060,-302.9997,70.30229,-97.03,3,5,0,0,0,0,0,0,0
1775539060,-302.9894,70.30229,-97.03,3,5,0,0,0,0,0,0,0
1775539060,-302.9775,70.30229,-97.03,3,5,0,0,0,0,0,0,0
1775539060,-302.9665,70.30229,-97.03,3,5,0,0,0,0,0,0,0
1775539060,-302.955,70.30229,-97.03,3,5,0,0,0,0,0,0,0
1775539060,-302.9441,70.30229,-97.03,3,5,0,0,0,0,0,0,0
1775539060,-302.9331,70.30229,-97.03,3,5,0,0,0,0,0,0,0
1775539060,-302.9226,70.30229,-97.03,3,5,0,0,0,0,0,0,0
1775539060,-302.912,70.30229,-97.03,3,5,0,0,0,0,0,0,0
1775539060,-302.9018,70.30229,-97.03,3,5,0,0,0,0,0,0,0
1775539060,-302.8915,70.30229,-97.03,3,5,0,0,0,0,0,0,0
1775539060,-302.8795,70.30229,-97.03,3,5,0,0,0,0,0,0,0
1775539060,-302.8689,70.30229,-97.03,3,5,0,0,0,0,0,0,0
1775539060,-302.8577,70.30229,-97.03,3,5,0,0,0,0,0,0,0
1775539060,-302.8474,70.30229,-97.03,3,5,0,0,0,0,0,0,0
1775539060,-302.8369,70.30229,-97.03,3,5,0,0,0,0,0,0,0
1775539060,-302.8256,70.30229,-97.03,3,5,0,0,0,0,0,0,0
1775539060,-302.8154,70.30229,-97.03,3,5,0,0,0,0,0,0,0
1775539060,-302.8055,70.30229,-97.03,3,5,0,0,0,0,0,0,0
1775539060,-302.794,70.30229,-97.03,3,5,0,0,0,0,0,0,0
1775539060,-302.7837,70.30229,-97.03,3,5,0,0,0,0,0,0,0
1775539060,-302.7737,70.30229,-97.03,3,5,0,0,0,0,0,0,0
1775539060,-302.7624,70.30229,-97.03,3,5,0,0,0,0,0,0,0
1775539060,-302.7517,70.30229,-97.03,3,5,0,0,0,0,0,0,0
1775539060,-302.7406,70.30229,-97.03,3,5,0,0,0,0,0,0,0
1775539060,-302.73,70.30229,-97.03,3,5,0,0,0,0,0,0,0
1775539060,-302.7202,70.30229,-97.03,3,5,0,0,0,0,0,0,0
1775539060,-302.7096,70.30229,-97.03,3,5,0,0,0,0,0,0,0
1775539060,-302.6983,70.30229,-97.03,3,5,0,0,0,0,0,0,0
1775539060,-302.6877,70.30229,-97.03,3,5,0,0,0,0,0,0,0
1775539060,-302.6768,70.30229,-97.03,3,5,0,0,0,0,0,0,0
1775539060,-302.6655,70.30229,-97.03,3,5,0,0,0,0,0,0,0
1775539060,-302.655,70.30229,-97.03,3,5,0,0,0,0,0,0,0
1775539060,-302.6433,70.30229,-97.03,3,5,0,0,0,0,0,0,0
1775539060,-302.6327,70.30229,-97.03,3,5,0,0,0,0,0,0,0
1775539060,-302.6219,70.30229,-97.03,3,5,0,0,0,0,0,0,0
1775539060,-302.6107,70.30229,-97.03,3,5,0,0,0,0,0,0,0
1775539060,-302.5993,70.30229,-97.03,3,5,0,0,0,0,0,0,0
1775539060,-302.5879,70.30229,-97.03,3,5,0,0,0,0,0,0,0
1775539060,-302.5772,70.30229,-97.03,3,5,0,0,0,0,0,0,0
1775539060,-302.5668,70.30229,-97.03,3,5,0,0,0,0,0,0,0
1775539060,-302.5569,70.30229,-97.03,3,5,0,0,0,0,0,0,0
1775539060,-302.5464,70.30229,-97.03,3,5,0,0,0,0,0,0,0
1775539060,-302.5355,70.30229,-97.03,3,5,0,0,0,0,0,0,0
1775539060,-302.5243,70.30229,-97.03,3,5,0,0,0,0,0,0,0
1775539060,-302.5144,70.30229,-97.03,3,5,0,0,0,0,0,0,0
1775539060,-302.5038,70.30229,-97.03,3,5,0,0,0,0,0,0,0
1775539060,-302.493,70.30229,-97.03,3,5,0,0,0,0,0,0,0
1775539060,-302.4828,70.30229,-97.03,3,5,0,0,0,0,0,0,0
1775539060,-302.4724,70.30229,-97.03,3,5,0,0,0,0,0,0,0
1775539060,-302.4616,70.30229,-97.03,3,5,0,0,0,0,0,0,0
1775539060,-302.4504,70.30229,-97.03,3,5,0,0,0,0,0,0,0
1775539060,-302.4213,70.30229,-97.03,3,5,0,0,0,0,0,0,0
1775539060,-302.4105,70.30229,-97.03,3,5,0,0,0,0,0,0,0
1775539060,-302.3979,70.30229,-97.03,3,5,0,0,0,0,0,0,0
1775539060,-302.3868,70.30229,-97.03,3,5,0,0,0,0,0,0,0
1775539060,-302.3757,70.30229,-97.03,3,5,0,0,0,0,0,0,0
1775539060,-302.3655,70.30229,-97.03,3,5,0,0,0,0,0,0,0
1775539060,-302.355,70.30229,-97.03,3,5,0,0,0,0,0,0,0
1775539060,-302.3433,70.30229,-97.03,3,5,0,0,0,0,0,0,0
1775539060,-302.3319,70.30229,-97.03,3,5,0,0,0,0,0,0,0
1775539060,-302.321,70.30229,-97.03,3,5,0,0,0,0,0,0,0
1775539060,-302.3105,70.30229,-97.03,3,5,0,0,0,0,0,0,0
1775539060,-302.2988,70.30229,-97.03,3,5,0,0,0,0,0,0,0
1775539060,-302.2874,70.30229,-97.03,3,5,0,0,0,0,0,0,0
1775539060,-302.2776,70.30229,-97.03,3,5,0,0,0,0,0,0,0
1775539060,-302.2667,70.30229,-97.03,3,5,0,0,0,0,0,0,0
1775539060,-302.2554,70.30229,-97.03,3,5,0,0,0,0,0,0,0
1775539060,-302.245,70.30229,-97.03,3,5,0,0,0,0,0,0,0
1775539060,-302.235,70.30229,-97.03,3,5,0,0,0,0,0,0,0
1775539060,-302.2243,70.30229,-97.03,3,5,0,0,0,0,0,0,0
1775539060,-302.2139,70.30229,-97.03,3,5,0,0,0,0,0,0,0
1775539060,-302.2023,70.30229,-97.03,3,5,0,0,0,0,0,0,0
1775539060,-302.1922,70.30229,-97.03,3,5,0,0,0,0,0,0,0
1775539060,-302.1813,70.30229,-97.03,3,5,0,0,0,0,0,0,0
1775539060,-302.1709,70.30229,-97.03,3,5,0,0,0,0,0,0,0
1775539060,-302.1601,70.30229,-97.03,3,5,0,0,0,0,0,0,0
1775539060,-302.1491,70.30229,-97.03,3,5,0,0,0,0,0,0,0
1775539060,-302.1382,70.30229,-97.03,3,5,0,0,0,0,0,0,0
1775539060,-302.1273,70.30229,-97.03,3,5,0,0,0,0,0,0,0
1775539060,-302.1164,70.30229,-97.03,3,5,0,0,0,0,0,0,0
1775539060,-302.1053,70.30229,-97.03,3,5,0,0,0,0,0,0,0
1775539060,-302.0945,70.30229,-97.03,3,5,0,0,0,0,0,0,0
1775539060,-302.0836,70.30229,-97.03,3,5,0,0,0,0,0,0,0
1775539060,-302.073,70.30229,-97.03,3,5,0,0,0,0,0,0,0
1775539060,-302.062,70.30229,-97.03,3,5,0,0,0,0,0,0,0
1775539060,-302.0507,70.30229,-97.03,3,5,0,0,0,0,0,0,0
1775539060,-302.0389,70.30229,-97.03,3,5,0,0,0,0,0,0,0
1775539060,-302.0286,70.30229,-97.03,3,5,0,0,0,0,0,0,0
1775539060,-302.0177,70.30229,-97.03,3,5,0,0,0,0,0,0,0
1775539060,-302.0061,70.30229,-97.03,3,5,0,0,0,0,0,0,0
1775539060,-301.9946,70.30229,-97.03,3,5,0,0,0,0,0,0,0
1775539060,-301.9831,70.30229,-97.03,3,5,0,0,0,0,0,0,0
1775539060,-301.9726,70.30229,-97.03,3,5,0,0,0,0,0,0,0
1775539060,-301.9618,70.30229,-97.03,3,5,0,0,0,0,0,0,0
1775539060,-301.9506,70.30229,-97.03,3,5,0,0,0,0,0,0,0
1775539060,-301.9397,70.30229,-97.03,3,5,0,0,0,0,0,0,0
1775539060,-301.9291,70.30229,-97.03,3,5,0,0,0,0,0,0,0
1775539060,-301.9177,70.30229,-97.03,3,5,0,0,0,0,0,0,0
1775539060,-301.9066,70.30229,-97.03,3,5,0,0,0,0,0,0,0
1775539060,-301.8955,70.30229,-97.03,3,5,0,0,0,0,0,0,0
1775539060,-301.8852,70.30229,-97.03,3,5,0,0,0,0,0,0,0
1775539060,-301.8745,70.30229,-97.03,3,5,0,0,0,0,0,0,0
1775539060,-301.8639,70.30229,-97.03,3,5,0,0,0,0,0,0,0
1775539060,-301.8533,70.30229,-97.03,3,5,0,0,0,0,0,0,0
1775539060,-301.8421,70.30229,-97.03,3,5,0,0,0,0,0,0,0
1775539060,-301.8303,70.30229,-97.03,3,5,0,0,0,0,0,0,0
1775539060,-301.8195,70.30229,-97.03,3,5,0,0,0,0,0,0,0
1775539060,-301.8092,70.30229,-97.03,3,5,0,0,0,0,0,0,0
1775539060,-301.7979,70.30229,-97.03,3,5,0,0,0,0,0,0,0
1775539060,-301.7877,70.30229,-97.03,3,5,0,0,0,0,0,0,0
1775539060,-301.7769,70.30229,-97.03,3,5,0,0,0,0,0,0,0
1775539060,-301.7661,70.30229,-97.03,3,5,0,0,0,0,0,0,0
1775539060,-301.754,70.30229,-97.03,3,5,0,0,0,0,0,0,0
1775539060,-301.7422,70.30229,-97.03,3,5,0,0,0,0,0,0,0
1775539060,-301.7307,70.30229,-97.03,3,5,0,0,0,0,0,0,0
1775539060,-301.7205,70.30229,-97.03,3,5,0,0,0,0,0,0,0
1775539060,-301.7099,70.30229,-97.03,3,5,0,0,0,0,0,0,0
1775539060,-301.6984,70.30229,-97.03,3,5,0,0,0,0,0,0,0
1775539060,-301.6873,70.30229,-97.03,3,5,0,0,0,0,0,0,0
1775539060,-301.6767,70.30229,-97.03,3,5,0,0,0,0,0,0,0
1775539060,-301.6672,70.30229,-97.03,3,5,0,0,0,0,0,0,0
1775539060,-301.6565,70.30229,-97.03,3,5,0,0,0,0,0,0,0
1775539060,-301.646,70.30229,-97.03,3,5,0,0,0,0,0,0,0
1775539060,-301.6349,70.30229,-97.03,3,5,0,0,0,0,0,0,0
1775539060,-301.6242,70.30229,-97.03,3,5,0,0,0,0,0,0,0
1775539060,-301.613,70.30229,-97.03,3,5,0,0,0,0,0,0,0
1775539060,-301.6013,70.30229,-97.03,3,5,0,0,0,0,0,0,0
1775539060,-301.5896,70.30229,-97.03,3,5,0,0,0,0,0,0,0
1775539060,-301.5791,70.30229,-97.03,3,5,0,0,0,0,0,0,0
1775539060,-301.568,70.30229,-97.03,3,5,0,0,0,0,0,0,0
1775539060,-301.558,70.30229,-97.03,3,5,0,0,0,0,0,0,0
1775539060,-301.5462,70.30229,-97.03,3,5,0,0,0,0,0,0,0
1775539060,-301.5353,70.30229,-97.03,3,5,0,0,0,0,0,0,0
1775539060,-301.5252,70.30229,-97.03,3,5,0,0,0,0,0,0,0
1775539060,-301.5144,70.30229,-97.03,3,5,0,0,0,0,0,0,0
1775539060,-301.5026,70.30229,-97.03,3,5,0,0,0,0,0,0,0
1775539060,-301.4919,70.30229,-97.03,3,5,0,0,0,0,0,0,0
1775539060,-301.4816,70.30229,-97.03,3,5,0,0,0,0,0,0,0
1775539060,-301.4706,70.30229,-97.03,3,5,0,0,0,0,0,0,0
1775539060,-301.4601,70.30229,-97.03,3,5,0,0,0,0,0,0,0
1775539060,-301.4493,70.30229,-97.03,3,5,0,0,0,0,0,0,0
1775539060,-301.4372,70.30229,-97.03,3,5,0,0,0,0,0,0,0
1775539060,-301.4257,70.30229,-97.03,3,5,0,0,0,0,0,0,0
1775539060,-301.4141,70.30229,-97.03,3,5,0,0,0,0,0,0,0
1775539060,-301.4027,70.30229,-97.03,3,5,0,0,0,0,0,0,0
1775539060,-301.3919,70.30229,-97.03,3,5,0,0,0,0,0,0,0
1775539060,-301.3805,70.30229,-97.03,3,5,0,0,0,0,0,0,0
1775539060,-301.3691,70.30229,-97.03,3,5,0,0,0,0,0,0,0
1775539060,-301.3579,70.30229,-97.03,3,5,0,0,0,0,0,0,0
1775539060,-301.3466,70.30229,-97.03,3,5,0,0,0,0,0,0,0
1775539060,-301.336,70.30229,-97.03,3,5,0,0,0,0,0,0,0
1775539060,-301.3247,70.30229,-97.03,3,5,0,0,0,0,0,0,0
1775539060,-301.314,70.30229,-97.03,3,5,0,0,0,0,0,0,0
1775539060,-301.3028,70.30229,-97.03,3,5,0,0,0,0,0,0,0
1775539060,-301.2922,70.30229,-97.03,3,5,0,0,0,0,0,0,0
1775539060,-301.282,70.30229,-97.03,3,5,0,0,0,0,0,0,0
1775539060,-301.2712,70.30229,-97.03,3,5,0,0,0,0,0,0,0
1775539060,-301.2601,70.30229,-97.03,3,5,0,0,0,0,0,0,0
1775539060,-301.2484,70.30229,-97.03,3,5,0,0,0,0,0,0,0
1775539060,-301.2375,70.30229,-97.03,3,5,0,0,0,0,0,0,0
1775539060,-301.2264,70.30229,-97.03,3,5,0,0,0,0,0,0,0
1775539060,-301.2155,70.30229,-97.03,3,5,0,0,0,0,0,0,0
1775539060,-301.2037,70.30229,-97.03,3,5,0,0,0,0,0,0,0
1775539060,-301.1936,70.30229,-97.03,3,5,0,0,0,0,0,0,0
1775539060,-301.1823,70.30229,-97.03,3,5,0,0,0,0,0,0,0
1775539060,-301.1708,70.30229,-97.03,3,5,0,0,0,0,0,0,0
1775539060,-301.1602,70.30229,-97.03,3,5,0,0,0,0,0,0,0
1775539060,-301.1495,70.30229,-97.03,3,5,0,0,0,0,0,0,0
1775539060,-301.1377,70.30229,-97.03,3,5,0,0,0,0,0,0,0
1775539060,-301.1268,70.30229,-97.03,3,5,0,0,0,0,0,0,0
1775539060,-301.1163,70.30229,-97.03,3,5,0,0,0,0,0,0,0
1775539060,-301.105,70.30229,-97.03,3,5,0,0,0,0,0,0,0
1775539060,-301.0939,70.30229,-97.03,3,5,0,0,0,0,0,0,0
1775539060,-301.082,70.30229,-97.03,3,5,0,0,0,0,0,0,0
1775539060,-301.0714,70.30229,-97.03,3,5,0,0,0,0,0,0,0
1775539060,-301.0603,70.30229,-97.03,3,5,0,0,0,0,0,0,0
1775539060,-301.0488,70.30229,-97.03,3,5,0,0,0,0,0,0,0
1775539060,-301.0368,70.30229,-97.03,3,5,0,0,0,0,0,0,0
1775539060,-301.0258,70.30229,-97.03,3,5,0,0,0,0,0,0,0
1775539060,-301.0136,70.30229,-97.03,3,5,0,0,0,0,0,0,0
1775539060,-301.0021,70.30229,-97.03,3,5,0,0,0,0,0,0,0
1775539060,-300.9915,70.30229,-97.03,3,5,0,0,0,0,0,0,0
1775539060,-300.9809,70.30229,-97.03,3,5,0,0,0,0,0,0,0
1775539060,-300.9699,70.30229,-97.03,3,5,0,0,0,0,0,0,0
1775539060,-300.9586,70.30229,-97.03,3,5,0,0,0,0,0,0,0
1775539060,-300.9473,70.30229,-97.03,3,5,0,0,0,0,0,0,0
1775539060,-300.9361,70.30229,-97.03,3,5,0,0,0,0,0,0,0
1775539060,-300.9258,70.30229,-97.03,3,5,0,0,0,0,0,0,0
1775539060,-300.9148,70.30229,-97.03,3,5,0,0,0,0,0,0,0
1775539060,-300.9036,70.30229,-97.03,3,5,0,0,0,0,0,0,0
1775539060,-300.8932,70.30229,-97.03,3,5,0,0,0,0,0,0,0
1775539060,-300.882,70.30229,-97.03,3,5,0,0,0,0,0,0,0
1775539060,-300.871,70.30229,-97.03,3,5,0,0,0,0,0,0,0
1775539060,-300.8608,70.30229,-97.03,3,5,0,0,0,0,0,0,0
1775539060,-300.8498,70.30229,-97.03,3,5,0,0,0,0,0,0,0
1775539060,-300.8382,70.30229,-97.03,3,5,0,0,0,0,0,0,0
1775539060,-300.8278,70.30229,-97.03,3,5,0,0,0,0,0,0,0
1775539060,-300.8172,70.30229,-97.03,3,5,0,0,0,0,0,0,0
1775539060,-300.8069,70.30229,-97.03,3,5,0,0,0,0,0,0,0
1775539060,-300.7957,70.30229,-97.03,3,5,0,0,0,0,0,0,0
1775539060,-300.7847,70.30229,-97.03,3,5,0,0,0,0,0,0,0
1775539060,-300.7732,70.30229,-97.03,3,5,0,0,0,0,0,0,0
1775539060,-300.7623,70.30229,-97.03,3,5,0,0,0,0,0,0,0
1775539060,-300.7509,70.30229,-97.03,3,5,0,0,0,0,0,0,0
1775539060,-300.7405,70.30229,-97.03,3,5,0,0,0,0,0,0,0
1775539060,-300.7298,70.30229,-97.03,3,5,0,0,0,0,0,0,0
1775539060,-300.718,70.30229,-97.03,3,5,0,0,0,0,0,0,0
1775539060,-300.7075,70.30229,-97.03,3,5,0,0,0,0,0,0,0
1775539060,-300.6966,70.30229,-97.03,3,5,0,0,0,0,0,0,0
1775539060,-300.6863,70.30229,-97.03,3,5,0,0,0,0,0,0,0
1775539060,-300.6757,70.30229,-97.03,3,5,0,0,0,0,0,0,0
1775539060,-300.665,70.30229,-97.03,3,5,0,0,0,0,0,0,0
1775539060,-300.6537,70.30229,-97.03,3,5,0,0,0,0,0,0,0
1775539060,-300.6425,70.30229,-97.03,3,5,0,0,0,0,0,0,0
1775539060,-300.6319,70.30229,-97.03,3,5,0,0,0,0,0,0,0
1775539060,-300.6212,70.30229,-97.03,3,5,0,0,0,0,0,0,0
1775539060,-300.6117,70.30229,-97.03,3,5,0,0,0,0,0,0,0
1775539060,-300.6003,70.30229,-97.03,3,5,0,0,0,0,0,0,0
1775539060,-300.5894,70.30229,-97.03,3,5,0,0,0,0,0,0,0
1775539060,-300.5783,70.30229,-97.03,3,5,0,0,0,0,0,0,0
1775539060,-300.5674,70.30229,-97.03,3,5,0,0,0,0,0,0,0
1775539060,-300.5574,70.30229,-97.03,3,5,0,0,0,0,0,0,0
1775539060,-300.5461,70.30229,-97.03,3,5,0,0,0,0,0,0,0
1775539060,-300.5353,70.30229,-97.03,3,5,0,0,0,0,0,0,0
1775539060,-300.5244,70.30229,-97.03,3,5,0,0,0,0,0,0,0
1775539060,-300.5141,70.30229,-97.03,3,5,0,0,0,0,0,0,0
1775539061,-300.5033,70.30229,-97.03,3,5,0,0,0,0,0,0,0
1775539061,-300.4922,70.30229,-97.03,3,5,0,0,0,0,0,0,0
1775539061,-300.4809,70.30229,-97.03,3,5,0,0,0,0,0,0,0
1775539061,-300.4706,70.30229,-97.03,3,5,0,0,0,0,0,0,0
1775539061,-300.458,70.30229,-97.03,3,5,0,0,0,0,0,0,0
1775539061,-300.4481,70.30229,-97.03,3,5,0,0,0,0,0,0,0
1775539061,-300.4375,70.30229,-97.03,3,5,0,0,0,0,0,0,0
1775539061,-300.4264,70.30229,-97.03,3,5,0,0,0,0,0,0,0
1775539061,-300.4161,70.30229,-97.03,3,5,0,0,0,0,0,0,0
1775539061,-300.4048,70.30229,-97.03,3,5,0,0,0,0,0,0,0
1775539061,-300.3939,70.30229,-97.03,3,5,0,0,0,0,0,0,0
1775539061,-300.3832,70.30229,-97.03,3,5,0,0,0,0,0,0,0
1775539061,-300.3723,70.30229,-97.03,3,5,0,0,0,0,0,0,0
1775539061,-300.361,70.30229,-97.03,3,5,0,0,0,0,0,0,0
1775539061,-300.3503,70.30229,-97.03,3,5,0,0,0,0,0,0,0
1775539061,-300.3402,70.30229,-97.03,3,5,0,0,0,0,0,0,0
1775539061,-300.329,70.30229,-97.03,3,5,0,0,0,0,0,0,0
1775539061,-300.3185,70.30229,-97.03,3,5,0,0,0,0,0,0,0
1775539061,-300.3078,70.30229,-97.03,3,5,0,0,0,0,0,0,0
1775539061,-300.2968,70.30229,-97.03,3,5,0,0,0,0,0,0,0
1775539061,-300.2866,70.30229,-97.03,3,5,0,0,0,0,0,0,0
1775539061,-300.276,70.30229,-97.03,3,5,0,0,0,0,0,0,0
1775539061,-300.2649,70.30229,-97.03,3,5,0,0,0,0,0,0,0
1775539061,-300.2543,70.30229,-97.03,3,5,0,0,0,0,0,0,0
1775539061,-300.2426,70.30229,-97.03,3,5,0,0,0,0,0,0,0
1775539061,-300.2327,70.30229,-97.03,3,5,0,0,0,0,0,0,0
1775539061,-300.2219,70.30229,-97.03,3,5,0,0,0,0,0,0,0
1775539061,-300.2121,70.30229,-97.03,3,5,0,0,0,0,0,0,0
1775539061,-300.2016,70.30229,-97.03,3,5,0,0,0,0,0,0,0
1775539061,-300.1904,70.30229,-97.03,3,5,0,0,0,0,0,0,0
1775539061,-300.1795,70.30229,-97.03,3,5,0,0,0,0,0,0,0
1775539061,-300.169,70.30229,-97.03,3,5,0,0,0,0,0,0,0
1775539061,-300.1586,70.30229,-97.03,3,5,0,0,0,0,0,0,0
1775539061,-300.1474,70.30229,-97.03,3,5,0,0,0,0,0,0,0
1775539061,-300.1364,70.30229,-97.03,3,5,0,0,0,0,0,0,0
1775539061,-300.125,70.30229,-97.03,3,5,0,0,0,0,0,0,0
1775539061,-300.1152,70.30229,-97.03,3,5,0,0,0,0,0,0,0
1775539061,-300.1028,70.30229,-97.03,3,5,0,0,0,0,0,0,0
1775539061,-300.091,70.30229,-97.03,3,5,0,0,0,0,0,0,0
1775539061,-300.0803,70.30229,-97.03,3,5,0,0,0,0,0,0,0
1775539061,-300.0695,70.30229,-97.03,3,5,0,0,0,0,0,0,0
1775539061,-300.0586,70.30229,-97.03,3,5,0,0,0,0,0,0,0
1775539061,-300.0486,70.30229,-97.03,3,5,0,0,0,0,0,0,0
1775539061,-300.0377,70.30229,-97.03,3,5,0,0,0,0,0,0,0
1775539061,-300.0267,70.30229,-97.03,3,5,0,0,0,0,0,0,0
1775539061,-300.0163,70.30229,-97.03,3,5,0,0,0,0,0,0,0
1775539061,-300.0044,70.30229,-97.03,3,5,0,0,0,0,0,0,0
1775539061,-299.994,70.30229,-97.03,3,5,0,-294.3949,70.262,-42.21,0,0,0
1775539061,-299.9341,70.30229,-97.03,3,5,0.019967,-294.3949,70.262,-42.21,0,0,0
1775539061,-299.9187,70.30229,-97.03,3,5,0.0250934,-294.3949,70.262,-42.40967,0,0,0
1775539061,-299.9062,70.30229,-97.03,3,5,0.0292541,-294.3949,70.262,-42.46093,0,0,0
1775539061,-299.8949,70.30229,-97.03,3,5,0.0330202,-294.3949,70.262,-42.50254,0,0,0
1775539061,-299.8832,70.30229,-97.03,3,5,0.0369195,-294.3949,70.262,-42.5402,0,0,0
1775539061,-299.8713,70.30229,-97.03,3,5,0.0408999,-294.3949,70.262,-42.5792,0,0,0
1775539061,-299.859,70.30229,-97.03,3,5,0.0449852,-294.3949,70.262,-42.619,0,0,0
1775539061,-299.8481,70.30229,-97.03,3,5,0.0486276,-294.3949,70.262,-42.65985,0,0,0
1775539061,-299.8358,70.30229,-97.03,3,5,0.05272499,-294.3949,70.262,-42.69627,0,0,0
1775539061,-299.8227,70.30229,-97.03,3,5,0.0570894,-294.3949,70.262,-42.73725,0,0,0
1775539061,-299.8106,70.30229,-97.03,3,5,0.0611055,-294.3949,70.262,-42.78089,0,0,0
1775539061,-299.7994,70.30229,-97.03,3,5,0.0648503,-294.3949,70.262,-42.82105,0,0,0
1775539061,-299.7877,70.30229,-97.03,3,5,0.0687684,-294.3949,70.262,-42.8585,0,0,0
1775539061,-299.7762,70.30229,-97.03,3,5,0.07259849,-294.3949,70.262,-42.89768,0,0,0
1775539061,-299.7638,70.30229,-97.03,3,5,0.0767092,-294.3949,70.262,-42.93598,0,0,0
1775539061,-299.7519,70.30229,-97.03,3,5,0.0806814,-294.3949,70.262,-42.97709,0,0,0
1775539061,-299.7402,70.30229,-97.03,3,5,0.0845953,-294.3949,70.262,-43.01681,0,0,0
1775539061,-299.7262,70.30229,-97.03,3,5,0.0892469,-294.3949,70.262,-43.05595,0,0,0
1775539061,-299.7117,70.30229,-97.03,3,5,0.09408139,-294.3949,70.262,-43.10247,0,0,0
1775539061,-299.6931,70.30229,-97.03,3,5,0.1002882,-294.3949,70.262,-43.15081,0,0,0
1775539061,-299.6815,70.30229,-97.03,3,5,0.1041449,-294.3949,70.262,-43.21288,0,0,0
1775539061,-299.671,70.30229,-97.03,3,5,0.1076759,-294.3949,70.262,-43.25145,0,0,0
1775539061,-299.6606,70.30229,-97.03,3,5,0.1111456,-294.3949,70.262,-43.28675,0,0,0
1775539061,-299.6489,70.30229,-97.03,3,5,0.1150183,-294.3949,70.262,-43.32145,0,0,0
1775539061,-299.6372,70.30229,-97.03,3,5,0.1189378,-294.3949,70.262,-43.36018,0,0,0
1775539061,-299.6248,70.30229,-97.03,3,5,0.1230607,-294.3949,70.262,-43.39938,0,0,0
1775539061,-299.6133,70.30229,-97.03,3,5,0.1269148,-294.3949,70.262,-43.44061,0,0,0
1775539061,-299.5906,70.30229,-97.03,3,5,0.1344669,-294.3949,70.262,-43.47915,0,0,0
1775539061,-299.5679,70.30229,-97.03,3,5,0.1420365,-294.3949,70.262,-43.55466,0,0,0
1775539061,-299.5567,70.30229,-97.03,3,5,0.1457808,-294.3949,70.262,-43.63036,0,0,0
1775539061,-299.5441,70.30229,-97.03,3,5,0.1499601,-294.3949,70.262,-43.6678,0,0,0
1775539061,-299.5331,70.30229,-97.03,3,5,0.1536441,-294.3949,70.262,-43.70959,0,0,0
1775539061,-299.5206,70.30229,-97.03,3,5,0.1578164,-294.3949,70.262,-43.74643,0,0,0
1775539061,-299.5094,70.30229,-97.03,3,5,0.161535,-294.3949,70.262,-43.78815,0,0,0
1775539061,-299.4977,70.30229,-97.03,3,5,0.1654546,-294.3949,70.262,-43.82534,0,0,0
1775539061,-299.4868,70.30229,-97.03,3,5,0.1690867,-294.3949,70.262,-43.86454,0,0,0
1775539061,-299.4751,70.30229,-97.03,3,5,0.1729745,-294.3949,70.262,-43.90086,0,0,0
1775539061,-299.4627,70.30229,-97.03,3,5,0.1771002,-294.3949,70.262,-43.93974,0,0,0
1775539061,-299.4524,70.30229,-97.03,3,5,0.1805328,-294.3949,70.262,-43.98099,0,0,0
1775539061,-299.4419,70.30229,-97.03,3,5,0.1840442,-294.3949,70.262,-44.01532,0,0,0
1775539061,-299.4315,70.30229,-97.03,3,5,0.1874966,-294.3949,70.262,-44.05043,0,0,0
1775539061,-299.4214,70.30229,-97.03,3,5,0.1908975,-294.3949,70.262,-44.08495,0,0,0
1775539061,-299.4102,70.30229,-97.03,3,5,0.1946033,-294.3949,70.262,-44.11896,0,0,0
1775539061,-299.3983,70.30229,-97.03,3,5,0.1985844,-294.3949,70.262,-44.15602,0,0,0
1775539061,-299.3877,70.30229,-97.03,3,5,0.2021156,-294.3949,70.262,-44.19583,0,0,0
1775539061,-299.3759,70.30229,-97.03,3,5,0.2060476,-294.3949,70.262,-44.23114,0,0,0
1775539061,-299.3657,70.30229,-97.03,3,5,0.2094403,-294.3949,70.262,-44.27046,0,0,0
1775539061,-299.3542,70.30229,-97.03,3,5,0.2132706,-294.3949,70.262,-44.30439,0,0,0
1775539061,-299.3413,70.30229,-97.03,3,5,0.2175627,-294.3949,70.262,-44.34269,0,0,0
1775539061,-299.3298,70.30229,-97.03,3,5,0.2214182,-294.3949,70.262,-44.38561,0,0,0
1775539061,-299.3187,70.30229,-97.03,3,5,0.2251093,-294.3949,70.262,-44.42417,0,0,0
1775539061,-299.3062,70.30229,-97.03,3,5,0.2292575,-294.3949,70.262,-44.46108,0,0,0
1775539061,-299.295,70.30229,-97.03,3,5,0.2330123,-294.3949,70.262,-44.50256,0,0,0
1775539061,-299.2762,70.30229,-97.03,3,5,0.2392574,-294.3949,70.262,-44.54011,0,0,0
1775539061,-299.2647,70.30229,-97.03,3,5,0.243095,-294.3949,70.262,-44.60256,0,0,0
1775539061,-299.2512,70.30229,-97.03,3,5,0.2475968,-294.3949,70.262,-44.64093,0,0,0
1775539061,-299.2357,70.30229,-97.03,3,5,0.2527894,-294.3949,70.262,-44.68595,0,0,0
1775539061,-299.2197,70.30229,-97.03,3,5,0.2581053,-294.3949,70.262,-44.73788,0,0,0
1775539061,-299.2069,70.30229,-97.03,3,5,0.2623546,-294.3949,70.262,-44.79103,0,0,0
1775539061,-299.196,70.30229,-97.03,3,5,0.265983,-294.3949,70.262,-44.83353,0,0,0
1775539061,-299.1846,70.30229,-97.03,3,5,0.2697973,-294.3949,70.262,-44.86981,0,0,0
1775539061,-299.1713,70.30229,-97.03,3,5,0.2742271,-294.3949,70.262,-44.90796,0,0,0
1775539061,-299.1585,70.30229,-97.03,3,5,0.2784942,-294.3949,70.262,-44.95225,0,0,0
1775539061,-299.1463,70.30229,-97.03,3,5,0.2825841,-294.3949,70.262,-44.99492,0,0,0
1775539061,-299.1341,70.30229,-97.03,3,5,0.2866538,-294.3949,70.262,-45.03582,0,0,0
1775539061,-299.1223,70.30229,-97.03,3,5,0.2905674,-294.3949,70.262,-45.07652,0,0,0
1775539061,-299.111,70.30229,-97.03,3,5,0.2943304,-294.3949,70.262,-45.11565,0,0,0
1775539061,-299.0991,70.30229,-97.03,3,5,0.2983169,-294.3949,70.262,-45.15328,0,0,0
1775539061,-299.0876,70.30229,-97.03,3,5,0.3021485,-294.3949,70.262,-45.19314,0,0,0
1775539061,-299.0775,70.30229,-97.03,3,5,0.3055184,-294.3949,70.262,-45.23146,0,0,0
1775539061,-299.0667,70.30229,-97.03,3,5,0.3090904,-294.3949,70.262,-45.26516,0,0,0
1775539061,-299.0551,70.30229,-97.03,3,5,0.3129755,-294.3949,70.262,-45.30088,0,0,0
1775539061,-299.0432,70.30229,-97.03,3,5,0.3169567,-294.3949,70.262,-45.33973,0,0,0
1775539061,-299.0334,70.30229,-97.03,3,5,0.3202169,-294.3949,70.262,-45.37954,0,0,0
1775539061,-299.0215,70.30229,-97.03,3,5,0.3241642,-294.3949,70.262,-45.41214,0,0,0
1775539061,-299.0116,70.30229,-97.03,3,5,0.327471,-294.3949,70.262,-45.45161,0,0,0
1775539061,-299.0009,70.30229,-97.03,3,5,0.3310353,-294.3949,70.262,-45.48468,0,0,0
1775539061,-298.9889,70.30229,-97.03,3,5,0.3350424,-294.3949,70.262,-45.52033,0,0,0
1775539061,-298.9762,70.30229,-97.03,3,5,0.3392965,-294.3949,70.262,-45.5604,0,0,0
1775539061,-298.9656,70.30229,-97.03,3,5,0.3428127,-294.3949,70.262,-45.60294,0,0,0
1775539061,-298.9547,70.30229,-97.03,3,5,0.346469,-294.3949,70.262,-45.6381,0,0,0
1775539061,-298.9431,70.30229,-97.03,3,5,0.3502994,-294.3949,70.262,-45.67467,0,0,0
1775539061,-298.9322,70.30229,-97.03,3,5,0.3539397,-294.3949,70.262,-45.71297,0,0,0
1775539061,-298.9209,70.30229,-97.03,3,5,0.3577149,-294.3949,70.262,-45.74937,0,0,0
1775539061,-298.9108,70.30229,-97.03,3,5,0.3610708,-294.3949,70.262,-45.78712,0,0,0
1775539061,-298.8997,70.30229,-97.03,3,5,0.3647839,-294.3949,70.262,-45.82068,0,0,0
1775539061,-298.8888,70.30229,-97.03,3,5,0.368424,-294.3949,70.262,-45.85781,0,0,0
1775539061,-298.8787,70.30229,-97.03,3,5,0.3717665,-294.3949,70.262,-45.89421,0,0,0
1775539061,-298.8672,70.30229,-97.03,3,5,0.3755871,-294.3949,70.262,-45.92764,0,0,0
1775539061,-298.8558,70.30229,-97.03,3,5,0.3793993,-294.3949,70.262,-45.96584,0,0,0
1775539061,-298.8449,70.30229,-97.03,3,5,0.3830183,-294.3949,70.262,-46.00396,0,0,0
1775539061,-298.8343,70.30229,-97.03,3,5,0.38656,-294.3949,70.262,-46.04015,0,0,0
1775539061,-298.823,70.30229,-97.03,3,5,0.3903457,-294.3949,70.262,-46.07557,0,0,0
1775539061,-298.8121,70.30229,-97.03,3,5,0.3939587,-294.3949,70.262,-46.11343,0,0,0
1775539061,-298.7991,70.30229,-97.03,3,5,0.3983107,-294.3949,70.262,-46.14956,0,0,0
1775539061,-298.7883,70.30229,-97.03,3,5,0.4018879,-294.3949,70.262,-46.19308,0,0,0
1775539061,-298.7768,70.30229,-97.03,3,5,0.4057262,-294.3949,70.262,-46.22885,0,0,0
1775539061,-298.7661,70.30229,-97.03,3,5,0.4092889,-294.3949,70.262,-46.26723,0,0,0
1775539061,-298.7558,70.30229,-97.03,3,5,0.4127285,-294.3949,70.262,-46.30286,0,0,0
1775539061,-298.7442,70.30229,-97.03,3,5,0.4166057,-294.3949,70.262,-46.33725,0,0,0
1775539061,-298.7336,70.30229,-97.03,3,5,0.4201391,-294.3949,70.262,-46.37603,0,0,0
1775539061,-298.7231,70.30229,-97.03,3,5,0.4236511,-294.3949,70.262,-46.41136,0,0,0
1775539061,-298.7135,70.30229,-97.03,3,5,0.4268567,-294.3949,70.262,-46.44648,0,0,0
1775539061,-298.7029,70.30229,-97.03,3,5,0.4303797,-294.3949,70.262,-46.47853,0,0,0
1775539061,-298.6913,70.30229,-97.03,3,5,0.4342514,-294.3949,70.262,-46.51376,0,0,0
1775539061,-298.6789,70.30229,-97.03,3,5,0.438369,-294.3949,70.262,-46.55248,0,0,0
1775539061,-298.6689,70.30229,-97.03,3,5,0.4417171,-294.3949,70.262,-46.59365,0,0,0
1775539061,-298.6583,70.30229,-97.03,3,5,0.4452339,-294.3949,70.262,-46.62714,0,0,0
1775539061,-298.6471,70.30229,-97.03,3,5,0.4489822,-294.3949,70.262,-46.6623,0,0,0
1775539061,-298.6364,70.30229,-97.03,3,5,0.452562,-294.3949,70.262,-46.69979,0,0,0
1775539061,-298.6255,70.30229,-97.03,3,5,0.4561937,-294.3949,70.262,-46.73558,0,0,0
1775539061,-298.6147,70.30229,-97.03,3,5,0.4597717,-294.3949,70.262,-46.7719,0,0,0
1775539061,-298.6051,70.30229,-97.03,3,5,0.4629752,-294.3949,70.262,-46.80768,0,0,0
1775539061,-298.5937,70.30229,-97.03,3,5,0.4667928,-294.3949,70.262,-46.83972,0,0,0
1775539061,-298.5829,70.30229,-97.03,3,5,0.4703846,-294.3949,70.262,-46.8779,0,0,0
1775539061,-298.5719,70.30229,-97.03,3,5,0.4740552,-294.3949,70.262,-46.91381,0,0,0
1775539061,-298.5597,70.30229,-97.03,3,5,0.4781254,-294.3949,70.262,-46.95052,0,0,0
1775539061,-298.5481,70.30229,-97.03,3,5,0.4819861,-294.3949,70.262,-46.99122,0,0,0
1775539061,-298.538,70.30229,-97.03,3,5,0.485351,-294.3949,70.262,-47.02983,0,0,0
1775539061,-298.5264,70.30229,-97.03,3,5,0.489201,-294.3949,70.262,-47.06348,0,0,0
1775539061,-298.5158,70.30229,-97.03,3,5,0.492745,-294.3949,70.262,-47.10198,0,0,0
1775539061,-298.5045,70.30229,-97.03,3,5,0.4965257,-294.3949,70.262,-47.13742,0,0,0
1775539061,-298.4944,70.30229,-97.03,3,5,0.4998855,-294.3949,70.262,-47.17523,0,0,0
1775539061,-298.485,70.30229,-97.03,3,5,0.5030061,-294.3949,70.262,-47.20883,0,0,0
1775539061,-298.4745,70.30229,-97.03,3,5,0.5065163,-294.3949,70.262,-47.24003,0,0,0
1775539061,-298.4651,70.30229,-97.03,3,5,0.5096619,-294.3949,70.262,-47.27514,0,0,0
1775539061,-298.4553,70.30229,-97.03,3,5,0.5129158,-294.3949,70.262,-47.30659,0,0,0
1775539061,-298.4438,70.30229,-97.03,3,5,0.5167416,-294.3949,70.262,-47.33913,0,0,0
1775539061,-298.4333,70.30229,-97.03,3,5,0.5202382,-294.3949,70.262,-47.37739,0,0,0
1775539061,-298.4234,70.30229,-97.03,3,5,0.5235336,-294.3949,70.262,-47.41235,0,0,0
1775539061,-298.4136,70.30229,-97.03,3,5,0.5268036,-294.3949,70.262,-47.44531,0,0,0
1775539061,-298.403,70.30229,-97.03,3,5,0.5303469,-294.3949,70.262,-47.47801,0,0,0
1775539061,-298.3915,70.30229,-97.03,3,5,0.534169,-294.3949,70.262,-47.51344,0,0,0
1775539061,-298.3805,70.30229,-97.03,3,5,0.5378646,-294.3949,70.262,-47.55166,0,0,0
1775539061,-298.3686,70.30229,-97.03,3,5,0.5418339,-294.3949,70.262,-47.58862,0,0,0
1775539061,-298.3577,70.30229,-97.03,3,5,0.5454631,-294.3949,70.262,-47.62831,0,0,0
1775539061,-298.347,70.30229,-97.03,3,5,0.5490372,-294.3949,70.262,-47.6646,0,0,0
1775539061,-298.3363,70.30229,-97.03,3,5,0.5525752,-294.3949,70.262,-47.70034,0,0,0
1775539061,-298.3239,70.30229,-97.03,3,5,0.5567093,-294.3949,70.262,-47.73573,0,0,0
1775539061,-298.3131,70.30229,-97.03,3,5,0.5603216,-294.3949,70.262,-47.77707,0,0,0
1775539061,-298.3007,70.30229,-97.03,3,5,0.564466,-294.3949,70.262,-47.81319,0,0,0
1775539061,-298.29,70.30229,-97.03,3,5,0.5680326,-294.3949,70.262,-47.85463,0,0,0
1775539061,-298.2788,70.30229,-97.03,3,5,0.5717519,-294.3949,70.262,-47.8903,0,0,0
1775539061,-298.2673,70.30229,-97.03,3,5,0.575584,-294.3949,70.262,-47.92749,0,0,0
1775539061,-298.2567,70.30229,-97.03,3,5,0.5791224,-294.3949,70.262,-47.96582,0,0,0
1775539061,-298.2455,70.30229,-97.03,3,5,0.5828447,-294.3949,70.262,-48.0012,0,0,0
1775539061,-298.2348,70.30229,-97.03,3,5,0.5864097,-294.3949,70.262,-48.03843,0,0,0
1775539061,-298.2238,70.30229,-97.03,3,5,0.5900735,-294.3949,70.262,-48.07407,0,0,0
1775539061,-298.2122,70.30229,-97.03,3,5,0.5939368,-294.3949,70.262,-48.11071,0,0,0
1775539061,-298.2005,70.30229,-97.03,3,5,0.5978509,-294.3949,70.262,-48.14934,0,0,0
1775539061,-298.1892,70.30229,-97.03,3,5,0.6016065,-294.3949,70.262,-48.18848,0,0,0
1775539061,-298.1778,70.30229,-97.03,3,5,0.6054079,-294.3949,70.262,-48.22604,0,0,0
1775539061,-298.1665,70.30229,-97.03,3,5,0.6091807,-294.3949,70.262,-48.26405,0,0,0
1775539061,-298.1553,70.30229,-97.03,3,5,0.6129251,-294.3949,70.262,-48.30178,0,0,0
1775539061,-298.1432,70.30229,-97.03,3,5,0.6169534,-294.3949,70.262,-48.33923,0,0,0
1775539061,-298.1318,70.30229,-97.03,3,5,0.6207398,-294.3949,70.262,-48.37951,0,0,0
1775539061,-298.1207,70.30229,-97.03,3,5,0.6244415,-294.3949,70.262,-48.41737,0,0,0
1775539061,-298.1098,70.30229,-97.03,3,5,0.6280755,-294.3949,70.262,-48.45439,0,0,0
1775539061,-298.0988,70.30229,-97.03,3,5,0.6317535,-294.3949,70.262,-48.49073,0,0,0
1775539061,-298.0862,70.30229,-97.03,3,5,0.6359398,-294.3949,70.262,-48.52751,0,0,0
1775539061,-298.0755,70.30229,-97.03,3,5,0.6394973,-294.3949,70.262,-48.56937,0,0,0
1775539061,-298.0641,70.30229,-97.03,3,5,0.6433135,-294.3949,70.262,-48.60495,0,0,0
1775539061,-298.0527,70.30229,-97.03,3,5,0.6471043,-294.3949,70.262,-48.64311,0,0,0
1775539061,-298.0426,70.30229,-97.03,3,5,0.650462,-294.3949,70.262,-48.68102,0,0,0
1775539061,-298.0315,70.30229,-97.03,3,5,0.6541693,-294.3949,70.262,-48.7146,0,0,0
1775539061,-298.0182,70.30229,-97.03,3,5,0.6586009,-294.3949,70.262,-48.75167,0,0,0
1775539061,-298.0075,70.30229,-97.03,3,5,0.6621579,-294.3949,70.262,-48.79598,0,0,0
1775539061,-297.9958,70.30229,-97.03,3,5,0.6660734,-294.3949,70.262,-48.83155,0,0,0
1775539061,-297.9839,70.30229,-97.03,3,5,0.670046,-294.3949,70.262,-48.8707,0,0,0
1775539061,-297.9735,70.30229,-97.03,3,5,0.6734868,-294.3949,70.262,-48.91043,0,0,0
1775539061,-297.962,70.30229,-97.03,3,5,0.6773233,-294.3949,70.262,-48.94484,0,0,0
1775539061,-297.9507,70.30229,-97.03,3,5,0.6810919,-294.3949,70.262,-48.9832,0,0,0
1775539061,-297.9397,70.30229,-97.03,3,5,0.6847673,-294.3949,70.262,-49.02089,0,0,0
1775539061,-297.9297,70.30229,-97.03,3,5,0.6881271,-294.3949,70.262,-49.05764,0,0,0
1775539061,-297.9197,70.30229,-97.03,3,5,0.6914523,-294.3949,70.262,-49.09124,0,0,0
1775539061,-297.9091,70.30229,-97.03,3,5,0.6949805,-294.3949,70.262,-49.1245,0,0,0
1775539061,-297.8976,70.30229,-97.03,3,5,0.6988126,-294.3949,70.262,-49.15978,0,0,0
1775539061,-297.8858,70.30229,-97.03,3,5,0.702751,-294.3949,70.262,-49.1981,0,0,0
1775539061,-297.8759,70.30229,-97.03,3,5,0.7060282,-294.3949,70.262,-49.23748,0,0,0
1775539061,-297.8658,70.30229,-97.03,3,5,0.7094201,-294.3949,70.262,-49.27026,0,0,0
1775539061,-297.8552,70.30229,-97.03,3,5,0.7129406,-294.3949,70.262,-49.30418,0,0,0
1775539061,-297.8428,70.30229,-97.03,3,5,0.7170753,-294.3949,70.262,-49.33938,0,0,0
1775539061,-297.832,70.30229,-97.03,3,5,0.7206904,-294.3949,70.262,-49.38073,0,0,0
1775539061,-297.8206,70.30229,-97.03,3,5,0.724472,-294.3949,70.262,-49.41688,0,0,0
1775539061,-297.8071,70.30229,-97.03,3,5,0.7289965,-294.3949,70.262,-49.4547,0,0,0
1775539061,-297.795,70.30229,-97.03,3,5,0.7330037,-294.3949,70.262,-49.49994,0,0,0
1775539061,-297.7839,70.30229,-97.03,3,5,0.7367179,-294.3949,70.262,-49.54002,0,0,0
1775539061,-297.7734,70.30229,-97.03,3,5,0.7402157,-294.3949,70.262,-49.57716,0,0,0
1775539061,-297.7621,70.30229,-97.03,3,5,0.7439811,-294.3949,70.262,-49.61214,0,0,0
1775539061,-297.7511,70.30229,-97.03,3,5,0.7476428,-294.3949,70.262,-49.64979,0,0,0
1775539061,-297.7402,70.30229,-97.03,3,5,0.7512738,-294.3949,70.262,-49.68641,0,0,0
1775539061,-297.7302,70.30229,-97.03,3,5,0.7546226,-294.3949,70.262,-49.72272,0,0,0
1775539061,-297.7184,70.30229,-97.03,3,5,0.75857,-294.3949,70.262,-49.75621,0,0,0
1775539061,-297.7073,70.30229,-97.03,3,5,0.762256,-294.3949,70.262,-49.79568,0,0,0
1775539061,-297.6953,70.30229,-97.03,3,5,0.7662573,-294.3949,70.262,-49.83254,0,0,0
1775539061,-297.6844,70.30229,-97.03,3,5,0.7698835,-294.3949,70.262,-49.87255,0,0,0
1775539061,-297.674,70.30229,-97.03,3,5,0.7733476,-294.3949,70.262,-49.90882,0,0,0
1775539061,-297.6637,70.30229,-97.03,3,5,0.7767914,-294.3949,70.262,-49.94346,0,0,0
1775539061,-297.6523,70.30229,-97.03,3,5,0.7805982,-294.3949,70.262,-49.9779,0,0,0
1775539061,-297.6414,70.30229,-97.03,3,5,0.7842355,-294.3949,70.262,-50.01596,0,0,0
1775539061,-297.6301,70.30229,-97.03,3,5,0.7879881,-294.3949,70.262,-50.05234,0,0,0
1775539061,-297.6189,70.30229,-97.03,3,5,0.791725,-294.3949,70.262,-50.08986,0,0,0
1775539061,-297.6075,70.30229,-97.03,3,5,0.79554,-294.3949,70.262,-50.12723,0,0,0
1775539061,-297.5957,70.30229,-97.03,3,5,0.799457,-294.3949,70.262,-50.16538,0,0,0
1775539061,-297.5846,70.30229,-97.03,3,5,0.8031533,-294.3949,70.262,-50.20455,0,0,0
1775539061,-297.5735,70.30229,-97.03,3,5,0.8068552,-294.3949,70.262,-50.24152,0,0,0
1775539061,-297.5627,70.30229,-97.03,3,5,0.8104623,-294.3949,70.262,-50.27853,0,0,0
1775539061,-297.5505,70.30229,-97.03,3,5,0.8145273,-294.3949,70.262,-50.31461,0,0,0
1775539061,-297.5386,70.30229,-97.03,3,5,0.8184841,-294.3949,70.262,-50.35526,0,0,0
1775539061,-297.5275,70.30229,-97.03,3,5,0.8221967,-294.3949,70.262,-50.39482,0,0,0
1775539061,-297.5171,70.30229,-97.03,3,5,0.8256671,-294.3949,70.262,-50.43195,0,0,0
1775539062,-297.5067,70.30229,-97.03,3,5,0.8291299,-294.3949,70.262,-50.46665,0,0,0
1775539062,-297.4962,70.30229,-97.03,3,5,0.8326127,-294.3949,70.262,-50.50128,0,0,0
1775539062,-297.4846,70.30229,-97.03,3,5,0.8365004,-294.3949,70.262,-50.53611,0,0,0
1775539062,-297.4747,70.30229,-97.03,3,5,0.8398111,-294.3949,70.262,-50.57499,0,0,0
1775539062,-297.4638,70.30229,-97.03,3,5,0.843426,-294.3949,70.262,-50.60809,0,0,0
1775539062,-297.4524,70.30229,-97.03,3,5,0.8472281,-294.3949,70.262,-50.64424,0,0,0
1775539062,-297.4413,70.30229,-97.03,3,5,0.8509356,-294.3949,70.262,-50.68226,0,0,0
1775539062,-297.4312,70.30229,-97.03,3,5,0.8542998,-294.3949,70.262,-50.71934,0,0,0
1775539062,-297.4196,70.30229,-97.03,3,5,0.8581544,-294.3949,70.262,-50.75298,0,0,0
1775539062,-297.4094,70.30229,-97.03,3,5,0.8615613,-294.3949,70.262,-50.79153,0,0,0
1775539062,-297.3986,70.30229,-97.03,3,5,0.8651846,-294.3949,70.262,-50.8256,0,0,0
1775539062,-297.3883,70.30229,-97.03,3,5,0.8686083,-294.3949,70.262,-50.86183,0,0,0
1775539062,-297.378,70.30229,-97.03,3,5,0.8720374,-294.3949,70.262,-50.89606,0,0,0
1775539062,-297.3669,70.30229,-97.03,3,5,0.8757266,-294.3949,70.262,-50.93036,0,0,0
1775539062,-297.3566,70.30229,-97.03,3,5,0.8791769,-294.3949,70.262,-50.96725,0,0,0
1775539062,-297.3448,70.30229,-97.03,3,5,0.8830999,-294.3949,70.262,-51.00175,0,0,0
1775539062,-297.3336,70.30229,-97.03,3,5,0.886816,-294.3949,70.262,-51.04098,0,0,0
1775539062,-297.3228,70.30229,-97.03,3,5,0.8904155,-294.3949,70.262,-51.07814,0,0,0
1775539062,-297.3125,70.30229,-97.03,3,5,0.8938656,-294.3949,70.262,-51.11414,0,0,0
1775539062,-297.3013,70.30229,-97.03,3,5,0.897608,-294.3949,70.262,-51.14864,0,0,0
1775539062,-297.2581,70.30229,-97.03,3,5,0.9120077,-294.3949,70.262,-51.18606,0,0,0
1775539062,-297.2425,70.30229,-97.03,3,5,0.917209,-294.3949,70.262,-51.33006,0,0,0
1775539062,-297.2301,70.30229,-97.03,3,5,0.921343,-294.3949,70.262,-51.38207,0,0,0
1775539062,-297.2186,70.30229,-97.03,3,5,0.9251673,-294.3949,70.262,-51.42341,0,0,0
1775539062,-297.2083,70.30229,-97.03,3,5,0.9285851,-294.3949,70.262,-51.46165,0,0,0
1775539062,-297.1969,70.30229,-97.03,3,5,0.9323872,-294.3949,70.262,-51.49583,0,0,0
1775539062,-297.1857,70.30229,-97.03,3,5,0.9361348,-294.3949,70.262,-51.53385,0,0,0
1775539062,-297.1758,70.30229,-97.03,3,5,0.9394527,-294.3949,70.262,-51.57133,0,0,0
1775539062,-297.1646,70.30229,-97.03,3,5,0.9431728,-294.3949,70.262,-51.60451,0,0,0
1775539062,-297.1539,70.30229,-97.03,3,5,0.946732,-294.3949,70.262,-51.64171,0,0,0
1775539062,-297.1427,70.30229,-97.03,3,5,0.9504734,-294.3949,70.262,-51.6773,0,0,0
1775539062,-297.1334,70.30229,-97.03,3,5,0.9535632,-294.3949,70.262,-51.71471,0,0,0
1775539062,-297.1223,70.30229,-97.03,3,5,0.9572702,-294.3949,70.262,-51.74561,0,0,0
1775539062,-297.1122,70.30229,-97.03,3,5,0.9606147,-294.3949,70.262,-51.78268,0,0,0
1775539062,-297.1011,70.30229,-97.03,3,5,0.9643231,-294.3949,70.262,-51.81613,0,0,0
1775539062,-297.0897,70.30229,-97.03,3,5,0.9681144,-294.3949,70.262,-51.85321,0,0,0
1775539062,-297.0795,70.30229,-97.03,3,5,0.9715192,-294.3949,70.262,-51.89112,0,0,0
1775539062,-297.0688,70.30229,-97.03,3,5,0.9750832,-294.3949,70.262,-51.92517,0,0,0
1775539062,-297.0586,70.30229,-97.03,3,5,0.9784847,-294.3949,70.262,-51.96081,0,0,0
